firm_id,t,y_1,y_2,tratado,control,cohort
0,0,7.367,46.123,True,False,0
0,1,9.411,46.683,True,False,0
0,2,7.898,53.131,True,False,0
0,3,9.999,47.314,True,False,0
0,4,8.462,50.54,True,False,0
0,5,9.611,48.084,True,False,0
0,6,8.724,51.812,True,False,0
0,7,9.164,49.705,True,False,0
0,8,10.979,52.908,True,False,0
0,9,11.027,55.325,True,False,0
0,10,11.362,54.947,True,False,0
0,11,11.582,58.283,True,False,0
0,12,11.524,57.161,True,False,0
0,13,11.573,56.658,True,False,0
0,14,11.285,57.49,True,False,0
0,15,11.698,61.244,True,False,0
0,16,12.633,58.029,True,False,0
0,17,11.565,55.233,True,False,0
0,18,12.642,58.183,True,False,0
0,19,12.386,54.368,True,False,0
1,7,12.0,55.001,False,False,-1
1,8,12.787,56.249,False,False,-1
1,9,12.609,56.137,False,False,-1
1,10,12.729,56.849,False,False,-1
1,11,13.691,51.611,False,False,-1
1,12,12.936,57.297,False,False,-1
1,13,13.303,56.4,False,False,-1
1,14,12.377,58.0,False,False,-1
1,15,14.219,54.476,False,False,-1
1,16,13.887,57.087,False,False,-1
1,17,13.524,55.838,False,False,-1
1,18,13.488,60.744,False,False,-1
1,19,14.046,61.809,False,False,-1
2,6,13.827,56.469,True,False,1
2,7,13.469,55.198,True,False,1
2,8,13.188,54.596,True,False,1
2,9,15.75,58.834,True,False,1
2,10,15.746,61.01,True,False,1
2,11,16.04,63.093,True,False,1
2,12,16.465,63.252,True,False,1
2,13,14.869,61.857,True,False,1
2,14,15.169,61.154,True,False,1
2,15,16.61,63.666,True,False,1
2,16,15.605,60.563,True,False,1
2,17,16.071,60.358,True,False,1
2,18,15.819,63.615,True,False,1
2,19,16.832,64.408,True,False,1
3,4,5.853,54.671,True,False,1
3,5,6.726,49.917,True,False,1
3,6,5.722,55.425,True,False,1
3,7,5.327,57.396,True,False,1
3,8,6.402,56.337,True,False,1
3,9,8.032,61.471,True,False,1
3,10,8.952,60.509,True,False,1
3,11,8.635,60.784,True,False,1
3,12,8.186,60.149,True,False,1
3,13,8.641,61.41,True,False,1
3,14,9.317,58.727,True,False,1
3,15,8.855,64.007,True,False,1
3,16,8.646,59.599,True,False,1
3,17,9.219,63.132,True,False,1
3,18,9.223,64.302,True,False,1
3,19,9.746,63.527,True,False,1
4,4,11.406,70.069,False,False,-1
4,5,12.41,73.361,False,False,-1
4,6,11.762,77.096,False,False,-1
4,7,11.007,72.173,False,False,-1
4,8,11.108,73.288,False,False,-1
4,9,12.228,76.125,False,False,-1
4,10,12.246,72.451,False,False,-1
4,11,11.053,75.585,False,False,-1
4,12,12.072,76.595,False,False,-1
4,13,12.759,76.153,False,False,-1
4,14,12.888,76.535,False,False,-1
4,15,12.873,74.867,False,False,-1
4,16,12.618,76.87,False,False,-1
4,17,13.218,75.889,False,False,-1
4,18,13.169,76.345,False,False,-1
4,19,12.949,78.736,False,False,-1
5,8,6.073,33.968,False,True,0
5,9,6.575,40.334,False,True,0
5,10,6.871,39.431,False,True,0
5,11,7.658,41.891,False,True,0
5,12,7.179,42.142,False,True,0
5,13,7.36,37.96,False,True,0
5,14,7.117,36.874,False,True,0
5,15,7.07,39.319,False,True,0
5,16,8.016,43.677,False,True,0
5,17,7.023,41.221,False,True,0
5,18,7.294,41.585,False,True,0
5,19,7.848,37.173,False,True,0
6,0,11.59,41.81,True,False,2
6,1,11.629,45.006,True,False,2
6,2,11.962,45.007,True,False,2
6,3,12.338,47.191,True,False,2
6,4,12.085,41.796,True,False,2
6,5,12.89,44.287,True,False,2
6,6,13.014,45.917,True,False,2
6,7,12.491,46.048,True,False,2
6,8,13.632,49.704,True,False,2
6,9,12.791,46.07,True,False,2
6,10,15.395,49.259,True,False,2
6,11,15.123,51.098,True,False,2
6,12,15.214,49.683,True,False,2
6,13,14.362,47.404,True,False,2
6,14,14.698,50.833,True,False,2
6,15,15.21,55.824,True,False,2
6,16,16.01,50.226,True,False,2
6,17,15.73,51.536,True,False,2
6,18,15.514,52.921,True,False,2
6,19,16.066,52.071,True,False,2
7,6,12.731,44.976,False,False,-1
7,7,12.939,42.847,False,False,-1
7,8,12.973,41.342,False,False,-1
7,9,12.999,40.04,False,False,-1
7,10,12.738,41.441,False,False,-1
7,11,12.802,42.112,False,False,-1
7,12,13.87,41.714,False,False,-1
7,13,13.285,42.089,False,False,-1
7,14,13.373,43.252,False,False,-1
7,15,12.712,40.909,False,False,-1
7,16,12.732,38.79,False,False,-1
7,17,14.51,43.771,False,False,-1
7,18,13.568,39.176,False,False,-1
7,19,12.545,41.294,False,False,-1
8,2,14.761,55.679,True,False,1
8,3,14.36,54.354,True,False,1
8,4,15.291,54.977,True,False,1
8,5,15.736,56.038,True,False,1
8,6,15.775,54.172,True,False,1
8,7,15.99,59.007,True,False,1
8,8,15.156,54.173,True,False,1
8,9,18.409,60.766,True,False,1
8,10,18.543,60.464,True,False,1
8,11,18.668,61.812,True,False,1
8,12,18.17,64.878,True,False,1
8,13,17.96,60.067,True,False,1
8,14,18.017,63.054,True,False,1
8,15,17.558,63.624,True,False,1
8,16,18.171,64.844,True,False,1
8,17,17.344,61.176,True,False,1
8,18,17.798,61.296,True,False,1
8,19,18.865,62.79,True,False,1
9,0,9.595,46.391,False,False,-1
9,1,9.947,49.933,False,False,-1
9,2,9.886,49.921,False,False,-1
9,3,9.941,53.078,False,False,-1
9,4,9.85,48.594,False,False,-1
9,5,9.616,47.344,False,False,-1
9,6,9.471,47.831,False,False,-1
9,7,10.158,50.477,False,False,-1
9,8,10.319,48.477,False,False,-1
9,9,10.843,51.687,False,False,-1
9,10,10.413,49.102,False,False,-1
9,11,10.867,50.984,False,False,-1
9,12,9.969,50.672,False,False,-1
9,13,10.924,49.209,False,False,-1
9,14,10.988,48.299,False,False,-1
9,15,11.661,53.904,False,False,-1
9,16,10.967,52.335,False,False,-1
9,17,9.988,49.495,False,False,-1
9,18,11.146,49.864,False,False,-1
9,19,11.75,56.203,False,False,-1
10,5,8.264,45.848,False,True,1
10,6,7.636,43.323,False,True,1
10,7,9.257,39.722,False,True,1
10,8,7.806,42.378,False,True,1
10,9,8.286,45.051,False,True,1
10,10,8.768,40.075,False,True,1
10,11,9.004,42.67,False,True,1
10,12,9.484,42.77,False,True,1
10,13,8.628,45.308,False,True,1
10,14,9.428,45.322,False,True,1
10,15,8.304,45.701,False,True,1
10,16,8.73,45.296,False,True,1
10,17,8.635,45.918,False,True,1
10,18,9.043,42.66,False,True,1
10,19,9.904,45.909,False,True,1
11,9,9.452,66.376,False,False,-1
11,10,9.907,65.272,False,False,-1
11,11,10.108,65.645,False,False,-1
11,12,9.766,69.637,False,False,-1
11,13,9.552,62.286,False,False,-1
11,14,10.978,72.41,False,False,-1
11,15,10.069,63.638,False,False,-1
11,16,10.217,67.139,False,False,-1
11,17,10.377,65.685,False,False,-1
11,18,10.862,69.161,False,False,-1
11,19,9.925,69.71,False,False,-1
12,7,14.637,52.836,True,False,2
12,8,15.213,49.858,True,False,2
12,9,15.088,52.739,True,False,2
12,10,18.029,58.371,True,False,2
12,11,18.039,56.712,True,False,2
12,12,17.599,59.758,True,False,2
12,13,16.971,59.674,True,False,2
12,14,18.112,58.872,True,False,2
12,15,16.759,59.684,True,False,2
12,16,17.254,59.235,True,False,2
12,17,17.765,56.708,True,False,2
12,18,17.098,61.284,True,False,2
12,19,17.744,55.39,True,False,2
13,7,11.913,51.49,False,False,-1
13,8,12.788,55.022,False,False,-1
13,9,13.661,55.364,False,False,-1
13,10,12.764,54.39,False,False,-1
13,11,13.078,56.174,False,False,-1
13,12,13.396,54.081,False,False,-1
13,13,12.652,54.365,False,False,-1
13,14,13.365,58.52,False,False,-1
13,15,12.84,54.874,False,False,-1
13,16,13.327,55.432,False,False,-1
13,17,13.746,51.62,False,False,-1
13,18,12.956,54.759,False,False,-1
13,19,12.31,54.596,False,False,-1
14,7,9.426,48.899,False,False,-1
14,8,8.454,49.475,False,False,-1
14,9,9.594,47.837,False,False,-1
14,10,8.714,51.106,False,False,-1
14,11,9.159,51.484,False,False,-1
14,12,9.363,51.792,False,False,-1
14,13,8.952,50.565,False,False,-1
14,14,9.464,48.357,False,False,-1
14,15,8.888,52.36,False,False,-1
14,16,9.594,49.144,False,False,-1
14,17,9.822,53.645,False,False,-1
14,18,8.829,48.596,False,False,-1
14,19,9.608,54.711,False,False,-1
15,7,10.695,56.834,False,True,1
15,8,11.589,59.39,False,True,1
15,9,11.74,59.098,False,True,1
15,10,11.704,59.989,False,True,1
15,11,12.054,61.487,False,True,1
15,12,10.955,55.579,False,True,1
15,13,12.366,62.649,False,True,1
15,14,11.455,56.754,False,True,1
15,15,12.115,62.535,False,True,1
15,16,13.064,61.906,False,True,1
15,17,12.079,59.287,False,True,1
15,18,12.371,60.675,False,True,1
15,19,11.958,65.571,False,True,1
16,5,13.61,64.071,True,False,1
16,6,14.49,63.446,True,False,1
16,7,14.895,64.031,True,False,1
16,8,14.74,64.234,True,False,1
16,9,16.641,64.593,True,False,1
16,10,16.612,67.248,True,False,1
16,11,16.03,71.924,True,False,1
16,12,17.635,71.479,True,False,1
16,13,16.998,71.662,True,False,1
16,14,16.976,69.566,True,False,1
16,15,16.524,70.154,True,False,1
16,16,17.201,66.955,True,False,1
16,17,17.245,69.601,True,False,1
16,18,18.269,71.749,True,False,1
16,19,17.476,70.658,True,False,1
17,1,9.647,47.869,False,True,2
17,2,9.915,45.87,False,True,2
17,3,10.644,49.353,False,True,2
17,4,9.595,48.525,False,True,2
17,5,11.086,51.089,False,True,2
17,6,11.201,49.249,False,True,2
17,7,10.366,47.203,False,True,2
17,8,11.061,50.329,False,True,2
17,9,11.632,51.971,False,True,2
17,10,11.022,47.482,False,True,2
17,11,11.029,50.605,False,True,2
17,12,11.187,49.215,False,True,2
17,13,11.515,49.563,False,True,2
17,14,11.174,51.394,False,True,2
17,15,11.387,51.459,False,True,2
17,16,11.825,48.892,False,True,2
17,17,11.548,54.246,False,True,2
17,18,11.307,47.338,False,True,2
17,19,11.058,51.829,False,True,2
18,8,11.469,45.078,False,False,-1
18,9,11.16,53.747,False,False,-1
18,10,10.498,50.064,False,False,-1
18,11,10.785,49.235,False,False,-1
18,12,11.099,54.079,False,False,-1
18,13,12.281,50.752,False,False,-1
18,14,12.414,51.695,False,False,-1
18,15,12.439,51.637,False,False,-1
18,16,11.727,52.755,False,False,-1
18,17,13.351,53.926,False,False,-1
18,18,11.508,54.362,False,False,-1
18,19,11.781,51.644,False,False,-1
19,4,12.356,51.139,False,True,0
19,5,12.485,52.161,False,True,0
19,6,11.449,52.844,False,True,0
19,7,12.026,48.826,False,True,0
19,8,12.588,52.079,False,True,0
19,9,12.37,53.773,False,True,0
19,10,12.146,51.497,False,True,0
19,11,12.625,52.418,False,True,0
19,12,13.157,50.695,False,True,0
19,13,13.479,53.037,False,True,0
19,14,12.271,49.194,False,True,0
19,15,13.311,52.869,False,True,0
19,16,13.365,53.455,False,True,0
19,17,13.63,55.606,False,True,0
19,18,13.062,51.567,False,True,0
19,19,13.171,54.689,False,True,0
20,5,11.739,43.279,False,False,-1
20,6,12.673,45.771,False,False,-1
20,7,12.986,47.164,False,False,-1
20,8,13.134,49.385,False,False,-1
20,9,13.052,45.762,False,False,-1
20,10,13.729,44.615,False,False,-1
20,11,13.785,48.092,False,False,-1
20,12,13.616,51.263,False,False,-1
20,13,13.479,52.407,False,False,-1
20,14,13.777,45.933,False,False,-1
20,15,14.025,46.534,False,False,-1
20,16,13.714,49.681,False,False,-1
20,17,14.468,47.842,False,False,-1
20,18,14.784,51.602,False,False,-1
20,19,15.108,50.545,False,False,-1
21,3,12.868,30.058,False,False,-1
21,4,13.186,30.849,False,False,-1
21,5,13.144,35.956,False,False,-1
21,6,13.242,33.22,False,False,-1
21,7,13.311,32.743,False,False,-1
21,8,13.53,33.689,False,False,-1
21,9,14.21,36.287,False,False,-1
21,10,13.882,34.371,False,False,-1
21,11,13.251,33.216,False,False,-1
21,12,14.397,35.324,False,False,-1
21,13,14.133,35.565,False,False,-1
21,14,14.372,36.393,False,False,-1
21,15,14.372,33.481,False,False,-1
21,16,14.495,28.531,False,False,-1
21,17,14.618,27.295,False,False,-1
21,18,13.665,35.696,False,False,-1
21,19,14.866,32.667,False,False,-1
22,1,8.434,68.391,False,True,1
22,2,8.775,64.921,False,True,1
22,3,9.684,64.567,False,True,1
22,4,8.475,64.286,False,True,1
22,5,9.058,61.976,False,True,1
22,6,9.048,63.421,False,True,1
22,7,9.738,65.175,False,True,1
22,8,9.234,65.093,False,True,1
22,9,9.587,66.739,False,True,1
22,10,9.076,63.622,False,True,1
22,11,10.228,65.081,False,True,1
22,12,9.067,66.993,False,True,1
22,13,10.107,63.244,False,True,1
22,14,10.091,67.977,False,True,1
22,15,10.263,67.969,False,True,1
22,16,9.474,67.567,False,True,1
22,17,10.124,66.14,False,True,1
22,18,10.811,70.264,False,True,1
22,19,11.373,70.135,False,True,1
23,9,11.064,55.57,False,False,-1
23,10,10.846,57.175,False,False,-1
23,11,10.851,54.269,False,False,-1
23,12,10.773,57.195,False,False,-1
23,13,11.082,56.808,False,False,-1
23,14,11.516,55.578,False,False,-1
23,15,11.659,57.285,False,False,-1
23,16,10.763,59.612,False,False,-1
23,17,11.23,53.617,False,False,-1
23,18,11.058,55.085,False,False,-1
23,19,11.707,56.78,False,False,-1
24,7,10.196,58.229,True,False,1
24,8,10.331,59.029,True,False,1
24,9,11.172,62.268,True,False,1
24,10,11.236,63.269,True,False,1
24,11,12.424,65.488,True,False,1
24,12,13.12,64.003,True,False,1
24,13,12.376,64.767,True,False,1
24,14,12.462,63.994,True,False,1
24,15,13.319,63.081,True,False,1
24,16,13.329,65.752,True,False,1
24,17,12.549,66.545,True,False,1
24,18,13.476,65.001,True,False,1
24,19,12.845,63.279,True,False,1
25,6,9.047,57.501,True,False,2
25,7,9.004,56.418,True,False,2
25,8,9.779,61.916,True,False,2
25,9,9.136,60.17,True,False,2
25,10,12.0,63.248,True,False,2
25,11,12.084,63.515,True,False,2
25,12,12.048,65.734,True,False,2
25,13,11.996,65.29,True,False,2
25,14,12.002,63.105,True,False,2
25,15,11.889,64.336,True,False,2
25,16,13.247,63.471,True,False,2
25,17,12.526,61.597,True,False,2
25,18,12.61,60.84,True,False,2
25,19,12.368,64.68,True,False,2
26,4,12.745,81.763,True,False,0
26,5,13.26,78.79,True,False,0
26,6,13.454,79.416,True,False,0
26,7,13.393,78.675,True,False,0
26,8,14.739,81.605,True,False,0
26,9,15.865,84.339,True,False,0
26,10,15.34,85.109,True,False,0
26,11,16.135,85.653,True,False,0
26,12,15.51,87.945,True,False,0
26,13,16.728,86.681,True,False,0
26,14,16.525,88.376,True,False,0
26,15,16.703,87.32,True,False,0
26,16,16.537,87.331,True,False,0
26,17,15.789,87.894,True,False,0
26,18,15.76,85.103,True,False,0
26,19,17.19,88.573,True,False,0
27,8,13.199,48.402,False,True,1
27,9,13.926,49.241,False,True,1
27,10,14.542,48.561,False,True,1
27,11,14.251,47.506,False,True,1
27,12,14.4,49.689,False,True,1
27,13,13.9,49.412,False,True,1
27,14,14.283,49.543,False,True,1
27,15,15.36,50.086,False,True,1
27,16,14.453,46.288,False,True,1
27,17,14.228,50.157,False,True,1
27,18,14.432,53.647,False,True,1
27,19,14.792,53.66,False,True,1
28,5,10.579,51.38,False,True,2
28,6,11.583,46.933,False,True,2
28,7,9.823,50.686,False,True,2
28,8,10.931,53.352,False,True,2
28,9,11.26,51.404,False,True,2
28,10,11.633,54.433,False,True,2
28,11,11.315,54.498,False,True,2
28,12,11.46,51.649,False,True,2
28,13,11.772,53.194,False,True,2
28,14,11.524,56.118,False,True,2
28,15,10.398,50.537,False,True,2
28,16,11.13,52.846,False,True,2
28,17,11.696,50.758,False,True,2
28,18,11.431,52.251,False,True,2
28,19,13.252,57.776,False,True,2
29,4,9.002,43.348,True,False,2
29,5,9.618,45.368,True,False,2
29,6,9.734,44.364,True,False,2
29,7,9.496,48.061,True,False,2
29,8,10.16,48.799,True,False,2
29,9,9.416,49.874,True,False,2
29,10,11.776,54.63,True,False,2
29,11,12.271,50.811,True,False,2
29,12,12.218,54.495,True,False,2
29,13,12.783,53.682,True,False,2
29,14,13.342,56.179,True,False,2
29,15,12.548,55.864,True,False,2
29,16,13.743,58.485,True,False,2
29,17,12.263,52.911,True,False,2
29,18,13.719,52.848,True,False,2
29,19,12.415,54.192,True,False,2
30,4,10.915,48.428,True,False,2
30,5,10.984,48.217,True,False,2
30,6,12.581,50.771,True,False,2
30,7,11.984,49.398,True,False,2
30,8,11.547,49.149,True,False,2
30,9,10.415,48.02,True,False,2
30,10,12.935,51.476,True,False,2
30,11,13.343,58.826,True,False,2
30,12,14.018,58.957,True,False,2
30,13,14.346,58.141,True,False,2
30,14,13.79,57.824,True,False,2
30,15,14.705,55.823,True,False,2
30,16,14.72,58.308,True,False,2
30,17,14.266,55.13,True,False,2
30,18,14.048,57.749,True,False,2
30,19,14.904,56.191,True,False,2
31,2,10.562,59.209,False,False,-1
31,3,10.992,54.303,False,False,-1
31,4,11.295,55.443,False,False,-1
31,5,11.076,56.841,False,False,-1
31,6,10.447,53.29,False,False,-1
31,7,10.667,53.987,False,False,-1
31,8,11.337,60.339,False,False,-1
31,9,10.555,58.109,False,False,-1
31,10,10.69,56.448,False,False,-1
31,11,11.54,57.828,False,False,-1
31,12,12.123,57.141,False,False,-1
31,13,11.853,58.5,False,False,-1
31,14,11.851,57.611,False,False,-1
31,15,11.528,58.474,False,False,-1
31,16,11.235,60.23,False,False,-1
31,17,12.078,60.292,False,False,-1
31,18,12.622,62.204,False,False,-1
31,19,11.766,60.251,False,False,-1
32,0,8.453,53.474,False,False,-1
32,1,9.035,49.997,False,False,-1
32,2,9.55,46.292,False,False,-1
32,3,8.046,52.425,False,False,-1
32,4,9.183,51.534,False,False,-1
32,5,8.59,51.187,False,False,-1
32,6,10.355,53.082,False,False,-1
32,7,9.538,50.755,False,False,-1
32,8,9.356,47.575,False,False,-1
32,9,9.782,53.725,False,False,-1
32,10,8.965,50.911,False,False,-1
32,11,9.274,50.503,False,False,-1
32,12,9.98,48.465,False,False,-1
32,13,10.36,54.341,False,False,-1
32,14,10.027,48.072,False,False,-1
32,15,9.755,55.699,False,False,-1
32,16,8.964,52.739,False,False,-1
32,17,9.863,55.243,False,False,-1
32,18,10.215,54.641,False,False,-1
32,19,10.936,57.706,False,False,-1
33,5,9.352,57.141,True,False,1
33,6,9.814,53.839,True,False,1
33,7,10.283,52.035,True,False,1
33,8,10.509,57.295,True,False,1
33,9,12.641,57.383,True,False,1
33,10,12.532,62.245,True,False,1
33,11,11.755,58.811,True,False,1
33,12,13.232,61.701,True,False,1
33,13,13.1,65.079,True,False,1
33,14,13.228,62.876,True,False,1
33,15,14.449,61.333,True,False,1
33,16,12.795,62.816,True,False,1
33,17,13.514,61.107,True,False,1
33,18,12.878,66.98,True,False,1
33,19,13.658,61.096,True,False,1
34,8,12.505,51.633,False,True,0
34,9,12.086,51.414,False,True,0
34,10,13.788,51.841,False,True,0
34,11,12.744,50.094,False,True,0
34,12,12.827,50.801,False,True,0
34,13,12.943,53.341,False,True,0
34,14,12.365,53.433,False,True,0
34,15,13.142,52.662,False,True,0
34,16,12.868,54.766,False,True,0
34,17,14.155,54.228,False,True,0
34,18,12.874,54.167,False,True,0
34,19,13.934,49.498,False,True,0
35,0,10.229,54.0,False,True,2
35,1,10.197,56.793,False,True,2
35,2,10.764,48.311,False,True,2
35,3,10.093,53.916,False,True,2
35,4,9.475,54.634,False,True,2
35,5,11.076,52.472,False,True,2
35,6,10.72,53.014,False,True,2
35,7,10.315,58.0,False,True,2
35,8,10.48,56.17,False,True,2
35,9,9.916,59.17,False,True,2
35,10,11.253,55.28,False,True,2
35,11,11.339,53.026,False,True,2
35,12,11.743,55.397,False,True,2
35,13,11.149,55.262,False,True,2
35,14,11.061,57.835,False,True,2
35,15,11.579,57.949,False,True,2
35,16,11.547,57.872,False,True,2
35,17,11.442,61.505,False,True,2
35,18,10.967,59.767,False,True,2
35,19,12.535,55.741,False,True,2
36,8,15.744,61.611,False,True,1
36,9,15.25,61.336,False,True,1
36,10,15.654,64.757,False,True,1
36,11,15.649,60.332,False,True,1
36,12,16.071,64.197,False,True,1
36,13,16.086,64.046,False,True,1
36,14,15.723,60.897,False,True,1
36,15,15.524,59.684,False,True,1
36,16,16.177,62.988,False,True,1
36,17,15.939,57.444,False,True,1
36,18,15.635,65.797,False,True,1
36,19,16.026,64.476,False,True,1
37,8,7.947,66.567,False,False,-1
37,9,9.282,69.22,False,False,-1
37,10,8.065,65.201,False,False,-1
37,11,8.156,67.607,False,False,-1
37,12,8.366,65.997,False,False,-1
37,13,9.252,66.759,False,False,-1
37,14,9.768,67.369,False,False,-1
37,15,9.611,68.102,False,False,-1
37,16,9.3,66.138,False,False,-1
37,17,8.492,68.706,False,False,-1
37,18,9.513,68.068,False,False,-1
37,19,8.475,65.467,False,False,-1
38,2,7.4,34.974,False,True,1
38,3,7.439,28.403,False,True,1
38,4,7.45,32.798,False,True,1
38,5,8.694,30.41,False,True,1
38,6,7.55,36.935,False,True,1
38,7,8.071,34.85,False,True,1
38,8,8.003,34.584,False,True,1
38,9,8.435,32.505,False,True,1
38,10,8.585,31.578,False,True,1
38,11,8.41,34.881,False,True,1
38,12,8.038,34.678,False,True,1
38,13,8.134,32.78,False,True,1
38,14,8.369,32.916,False,True,1
38,15,8.807,33.024,False,True,1
38,16,9.102,33.161,False,True,1
38,17,8.563,34.475,False,True,1
38,18,9.608,36.584,False,True,1
38,19,8.94,37.121,False,True,1
39,6,7.384,51.033,False,True,0
39,7,6.52,52.065,False,True,0
39,8,7.033,47.174,False,True,0
39,9,5.844,51.789,False,True,0
39,10,6.428,54.193,False,True,0
39,11,6.728,47.9,False,True,0
39,12,6.352,46.469,False,True,0
39,13,6.969,51.792,False,True,0
39,14,6.973,54.526,False,True,0
39,15,7.885,52.228,False,True,0
39,16,6.318,54.003,False,True,0
39,17,7.763,53.587,False,True,0
39,18,8.076,50.839,False,True,0
39,19,8.69,51.45,False,True,0
40,1,11.133,36.359,False,True,2
40,2,11.568,35.206,False,True,2
40,3,11.917,33.517,False,True,2
40,4,12.58,33.453,False,True,2
40,5,11.108,32.52,False,True,2
40,6,12.374,35.118,False,True,2
40,7,11.415,33.078,False,True,2
40,8,12.008,33.996,False,True,2
40,9,11.71,33.67,False,True,2
40,10,12.134,36.67,False,True,2
40,11,13.003,35.035,False,True,2
40,12,12.502,35.806,False,True,2
40,13,12.39,33.433,False,True,2
40,14,12.428,34.657,False,True,2
40,15,12.417,36.451,False,True,2
40,16,13.463,33.152,False,True,2
40,17,13.211,36.087,False,True,2
40,18,13.469,36.701,False,True,2
40,19,12.672,34.402,False,True,2
41,7,9.652,62.379,False,False,-1
41,8,11.454,61.582,False,False,-1
41,9,11.234,60.682,False,False,-1
41,10,10.999,59.046,False,False,-1
41,11,9.987,64.373,False,False,-1
41,12,10.766,61.777,False,False,-1
41,13,10.666,60.068,False,False,-1
41,14,11.372,61.629,False,False,-1
41,15,11.748,64.193,False,False,-1
41,16,11.819,63.965,False,False,-1
41,17,12.548,61.553,False,False,-1
41,18,11.831,66.153,False,False,-1
41,19,12.591,61.244,False,False,-1
42,7,10.329,65.372,False,True,1
42,8,10.066,64.414,False,True,1
42,9,10.419,64.876,False,True,1
42,10,10.354,65.738,False,True,1
42,11,10.136,66.845,False,True,1
42,12,12.032,62.427,False,True,1
42,13,10.837,64.661,False,True,1
42,14,11.064,66.474,False,True,1
42,15,11.256,68.932,False,True,1
42,16,11.071,69.045,False,True,1
42,17,9.903,70.162,False,True,1
42,18,11.363,69.337,False,True,1
42,19,10.665,65.72,False,True,1
43,3,10.733,52.599,False,False,-1
43,4,9.809,52.577,False,False,-1
43,5,10.796,50.422,False,False,-1
43,6,10.156,52.036,False,False,-1
43,7,9.785,52.526,False,False,-1
43,8,10.346,51.537,False,False,-1
43,9,11.132,53.969,False,False,-1
43,10,11.203,50.441,False,False,-1
43,11,11.139,54.575,False,False,-1
43,12,11.76,51.458,False,False,-1
43,13,11.474,49.295,False,False,-1
43,14,11.886,49.11,False,False,-1
43,15,12.168,53.087,False,False,-1
43,16,13.085,50.829,False,False,-1
43,17,11.941,56.826,False,False,-1
43,18,12.688,52.037,False,False,-1
43,19,12.304,53.634,False,False,-1
44,0,10.519,39.817,False,False,-1
44,1,10.731,44.113,False,False,-1
44,2,10.65,40.183,False,False,-1
44,3,11.358,44.342,False,False,-1
44,4,10.601,43.252,False,False,-1
44,5,10.314,41.962,False,False,-1
44,6,10.895,46.67,False,False,-1
44,7,10.944,45.694,False,False,-1
44,8,11.095,45.109,False,False,-1
44,9,11.393,46.559,False,False,-1
44,10,11.297,41.868,False,False,-1
44,11,10.973,44.149,False,False,-1
44,12,11.139,46.234,False,False,-1
44,13,11.631,50.362,False,False,-1
44,14,11.095,46.22,False,False,-1
44,15,11.5,45.026,False,False,-1
44,16,12.235,41.562,False,False,-1
44,17,12.382,50.219,False,False,-1
44,18,12.137,47.133,False,False,-1
44,19,12.976,46.485,False,False,-1
45,9,10.059,28.816,False,True,0
45,10,9.332,29.496,False,True,0
45,11,9.646,28.386,False,True,0
45,12,10.341,26.966,False,True,0
45,13,10.662,27.047,False,True,0
45,14,9.907,33.889,False,True,0
45,15,10.902,30.438,False,True,0
45,16,9.968,29.384,False,True,0
45,17,10.575,30.718,False,True,0
45,18,10.593,30.781,False,True,0
45,19,10.631,28.159,False,True,0
46,4,8.683,59.567,True,False,0
46,5,9.057,60.369,True,False,0
46,6,9.373,63.301,True,False,0
46,7,9.92,57.923,True,False,0
46,8,12.103,64.197,True,False,0
46,9,11.578,66.574,True,False,0
46,10,11.721,67.932,True,False,0
46,11,11.68,65.108,True,False,0
46,12,11.839,65.415,True,False,0
46,13,12.817,68.004,True,False,0
46,14,13.222,71.482,True,False,0
46,15,11.952,67.287,True,False,0
46,16,11.979,65.791,True,False,0
46,17,12.352,65.432,True,False,0
46,18,12.241,67.458,True,False,0
46,19,12.259,69.63,True,False,0
47,8,8.739,79.84,True,False,1
47,9,10.417,88.308,True,False,1
47,10,11.724,85.69,True,False,1
47,11,10.591,85.717,True,False,1
47,12,10.804,88.42,True,False,1
47,13,11.869,85.887,True,False,1
47,14,10.346,83.929,True,False,1
47,15,12.008,88.521,True,False,1
47,16,12.319,83.112,True,False,1
47,17,12.015,88.527,True,False,1
47,18,11.135,86.68,True,False,1
47,19,12.201,86.294,True,False,1
48,6,6.732,47.647,False,False,-1
48,7,6.714,47.257,False,False,-1
48,8,7.076,49.228,False,False,-1
48,9,7.043,47.724,False,False,-1
48,10,7.342,44.901,False,False,-1
48,11,7.634,48.942,False,False,-1
48,12,7.516,51.064,False,False,-1
48,13,6.619,45.395,False,False,-1
48,14,7.833,49.529,False,False,-1
48,15,7.881,48.819,False,False,-1
48,16,8.228,51.808,False,False,-1
48,17,8.238,49.621,False,False,-1
48,18,7.042,51.881,False,False,-1
48,19,8.807,51.832,False,False,-1
49,7,9.371,61.256,True,False,2
49,8,8.603,57.885,True,False,2
49,9,9.514,58.653,True,False,2
49,10,10.682,64.567,True,False,2
49,11,11.63,64.114,True,False,2
49,12,11.551,63.621,True,False,2
49,13,12.28,62.537,True,False,2
49,14,11.347,64.56,True,False,2
49,15,12.18,61.743,True,False,2
49,16,11.186,60.862,True,False,2
49,17,11.957,62.901,True,False,2
49,18,11.848,66.661,True,False,2
49,19,11.82,66.001,True,False,2
50,7,10.339,56.737,True,False,0
50,8,12.117,65.409,True,False,0
50,9,12.498,60.727,True,False,0
50,10,12.729,61.552,True,False,0
50,11,13.208,65.969,True,False,0
50,12,12.746,64.436,True,False,0
50,13,12.597,65.678,True,False,0
50,14,12.616,64.992,True,False,0
50,15,13.337,63.598,True,False,0
50,16,12.693,62.532,True,False,0
50,17,12.569,61.464,True,False,0
50,18,13.566,68.939,True,False,0
50,19,14.014,62.269,True,False,0
51,1,11.321,64.624,True,False,0
51,2,10.646,65.155,True,False,0
51,3,11.218,65.22,True,False,0
51,4,11.069,66.107,True,False,0
51,5,12.462,63.655,True,False,0
51,6,11.481,61.109,True,False,0
51,7,12.017,64.458,True,False,0
51,8,13.474,71.727,True,False,0
51,9,14.125,68.87,True,False,0
51,10,14.172,73.364,True,False,0
51,11,14.851,71.161,True,False,0
51,12,14.959,69.299,True,False,0
51,13,14.766,72.116,True,False,0
51,14,14.615,72.892,True,False,0
51,15,14.559,73.241,True,False,0
51,16,15.326,66.587,True,False,0
51,17,15.745,66.526,True,False,0
51,18,14.942,74.872,True,False,0
51,19,15.191,70.089,True,False,0
52,3,7.152,63.127,False,False,-1
52,4,8.185,58.684,False,False,-1
52,5,8.021,59.235,False,False,-1
52,6,8.846,62.934,False,False,-1
52,7,7.653,60.862,False,False,-1
52,8,8.181,64.456,False,False,-1
52,9,8.037,65.278,False,False,-1
52,10,8.796,59.945,False,False,-1
52,11,8.574,60.866,False,False,-1
52,12,8.375,62.859,False,False,-1
52,13,8.499,58.508,False,False,-1
52,14,9.023,59.463,False,False,-1
52,15,8.936,61.451,False,False,-1
52,16,8.977,67.471,False,False,-1
52,17,9.541,64.16,False,False,-1
52,18,8.724,62.561,False,False,-1
52,19,9.82,62.02,False,False,-1
53,4,12.073,37.601,False,True,2
53,5,12.398,37.692,False,True,2
53,6,12.281,38.701,False,True,2
53,7,12.149,40.343,False,True,2
53,8,12.735,39.396,False,True,2
53,9,12.501,41.366,False,True,2
53,10,12.698,39.36,False,True,2
53,11,12.968,43.566,False,True,2
53,12,12.346,41.913,False,True,2
53,13,12.17,41.008,False,True,2
53,14,14.004,41.75,False,True,2
53,15,13.401,39.852,False,True,2
53,16,13.432,40.669,False,True,2
53,17,13.123,40.793,False,True,2
53,18,13.715,40.039,False,True,2
53,19,13.313,39.053,False,True,2
54,4,11.297,58.184,False,False,-1
54,5,11.325,57.237,False,False,-1
54,6,11.533,56.47,False,False,-1
54,7,11.216,61.282,False,False,-1
54,8,11.355,55.721,False,False,-1
54,9,11.898,57.757,False,False,-1
54,10,11.079,59.699,False,False,-1
54,11,11.834,55.431,False,False,-1
54,12,12.576,59.105,False,False,-1
54,13,11.449,61.608,False,False,-1
54,14,12.511,58.233,False,False,-1
54,15,13.077,58.772,False,False,-1
54,16,12.367,57.333,False,False,-1
54,17,12.772,59.806,False,False,-1
54,18,12.589,57.473,False,False,-1
54,19,12.746,59.114,False,False,-1
55,0,7.616,30.078,True,False,0
55,1,7.536,34.526,True,False,0
55,2,8.187,34.695,True,False,0
55,3,7.963,35.088,True,False,0
55,4,7.79,37.556,True,False,0
55,5,7.602,38.275,True,False,0
55,6,7.436,37.071,True,False,0
55,7,8.494,38.002,True,False,0
55,8,11.091,40.355,True,False,0
55,9,9.543,40.093,True,False,0
55,10,10.663,43.278,True,False,0
55,11,10.484,40.236,True,False,0
55,12,10.916,40.232,True,False,0
55,13,11.213,48.597,True,False,0
55,14,10.916,44.248,True,False,0
55,15,10.587,39.661,True,False,0
55,16,10.632,41.296,True,False,0
55,17,10.31,47.127,True,False,0
55,18,11.269,44.641,True,False,0
55,19,11.079,43.736,True,False,0
56,5,12.694,50.285,True,False,0
56,6,12.358,48.063,True,False,0
56,7,11.64,50.554,True,False,0
56,8,14.757,53.704,True,False,0
56,9,14.812,56.584,True,False,0
56,10,13.851,54.846,True,False,0
56,11,15.233,57.651,True,False,0
56,12,14.552,57.394,True,False,0
56,13,15.74,58.831,True,False,0
56,14,15.281,56.541,True,False,0
56,15,15.114,58.612,True,False,0
56,16,15.627,59.135,True,False,0
56,17,15.695,59.714,True,False,0
56,18,15.776,59.846,True,False,0
56,19,16.265,56.868,True,False,0
57,1,6.612,62.206,False,True,1
57,2,6.227,67.379,False,True,1
57,3,6.544,65.011,False,True,1
57,4,7.484,64.14,False,True,1
57,5,6.485,66.858,False,True,1
57,6,7.179,67.628,False,True,1
57,7,7.539,67.232,False,True,1
57,8,7.428,66.517,False,True,1
57,9,7.315,67.45,False,True,1
57,10,7.491,68.98,False,True,1
57,11,7.761,67.723,False,True,1
57,12,7.179,67.97,False,True,1
57,13,7.67,68.421,False,True,1
57,14,8.887,67.187,False,True,1
57,15,8.095,70.572,False,True,1
57,16,8.033,73.311,False,True,1
57,17,7.895,69.483,False,True,1
57,18,7.784,68.332,False,True,1
57,19,8.408,70.928,False,True,1
58,7,11.291,63.327,False,True,2
58,8,12.79,64.98,False,True,2
58,9,11.178,63.003,False,True,2
58,10,11.167,66.464,False,True,2
58,11,11.556,65.046,False,True,2
58,12,11.806,66.454,False,True,2
58,13,11.515,63.04,False,True,2
58,14,12.15,66.593,False,True,2
58,15,12.304,63.972,False,True,2
58,16,12.577,64.303,False,True,2
58,17,12.077,64.103,False,True,2
58,18,13.089,67.458,False,True,2
58,19,12.841,68.886,False,True,2
59,6,15.856,32.875,False,False,-1
59,7,15.9,32.153,False,False,-1
59,8,16.275,32.075,False,False,-1
59,9,16.693,34.811,False,False,-1
59,10,16.866,35.923,False,False,-1
59,11,17.027,34.361,False,False,-1
59,12,17.886,35.777,False,False,-1
59,13,15.994,33.503,False,False,-1
59,14,16.155,35.742,False,False,-1
59,15,17.064,34.971,False,False,-1
59,16,18.231,37.206,False,False,-1
59,17,17.688,34.446,False,False,-1
59,18,16.926,36.581,False,False,-1
59,19,17.612,32.995,False,False,-1
60,9,10.432,50.314,False,False,-1
60,10,10.37,51.787,False,False,-1
60,11,10.785,53.55,False,False,-1
60,12,11.38,51.952,False,False,-1
60,13,10.711,53.616,False,False,-1
60,14,11.345,52.072,False,False,-1
60,15,11.535,55.1,False,False,-1
60,16,11.885,56.897,False,False,-1
60,17,10.906,53.569,False,False,-1
60,18,11.445,53.545,False,False,-1
60,19,11.215,50.97,False,False,-1
61,7,10.928,42.128,True,False,1
61,8,10.436,44.385,True,False,1
61,9,13.161,50.275,True,False,1
61,10,14.278,49.871,True,False,1
61,11,13.528,47.361,True,False,1
61,12,12.742,52.882,True,False,1
61,13,13.024,47.829,True,False,1
61,14,13.566,49.936,True,False,1
61,15,13.234,49.706,True,False,1
61,16,14.4,48.904,True,False,1
61,17,13.189,52.602,True,False,1
61,18,14.232,49.675,True,False,1
61,19,13.294,49.627,True,False,1
62,3,9.672,62.088,False,False,-1
62,4,10.628,57.694,False,False,-1
62,5,10.907,60.292,False,False,-1
62,6,10.657,63.35,False,False,-1
62,7,11.133,64.159,False,False,-1
62,8,9.502,61.687,False,False,-1
62,9,10.86,63.067,False,False,-1
62,10,11.129,65.235,False,False,-1
62,11,11.295,63.428,False,False,-1
62,12,10.167,63.146,False,False,-1
62,13,11.399,62.076,False,False,-1
62,14,11.606,66.274,False,False,-1
62,15,11.454,58.529,False,False,-1
62,16,10.852,68.629,False,False,-1
62,17,11.317,61.088,False,False,-1
62,18,12.308,65.283,False,False,-1
62,19,12.343,66.011,False,False,-1
63,9,12.166,59.985,False,False,-1
63,10,12.403,52.469,False,False,-1
63,11,12.24,58.113,False,False,-1
63,12,12.718,55.177,False,False,-1
63,13,12.8,58.086,False,False,-1
63,14,13.603,54.93,False,False,-1
63,15,12.163,56.018,False,False,-1
63,16,12.272,55.05,False,False,-1
63,17,11.236,56.161,False,False,-1
63,18,12.902,56.244,False,False,-1
63,19,13.785,57.457,False,False,-1
64,4,13.395,53.973,False,True,0
64,5,13.766,53.726,False,True,0
64,6,13.43,54.547,False,True,0
64,7,13.138,54.824,False,True,0
64,8,14.499,53.673,False,True,0
64,9,13.692,56.93,False,True,0
64,10,14.152,54.638,False,True,0
64,11,12.49,55.848,False,True,0
64,12,12.672,57.954,False,True,0
64,13,13.967,57.214,False,True,0
64,14,13.531,52.309,False,True,0
64,15,14.212,55.547,False,True,0
64,16,13.936,55.984,False,True,0
64,17,15.666,57.683,False,True,0
64,18,14.907,57.902,False,True,0
64,19,15.222,56.034,False,True,0
65,3,6.596,46.775,False,True,2
65,4,6.202,47.531,False,True,2
65,5,7.141,50.613,False,True,2
65,6,6.816,50.557,False,True,2
65,7,6.572,49.909,False,True,2
65,8,6.098,45.341,False,True,2
65,9,6.866,50.562,False,True,2
65,10,7.495,53.257,False,True,2
65,11,7.775,48.318,False,True,2
65,12,6.914,51.475,False,True,2
65,13,8.456,53.674,False,True,2
65,14,7.85,50.139,False,True,2
65,15,6.949,52.692,False,True,2
65,16,6.94,50.837,False,True,2
65,17,7.533,54.7,False,True,2
65,18,7.513,46.836,False,True,2
65,19,8.043,50.516,False,True,2
66,9,10.848,52.514,False,False,-1
66,10,10.319,50.099,False,False,-1
66,11,11.527,50.105,False,False,-1
66,12,10.481,52.87,False,False,-1
66,13,11.947,51.643,False,False,-1
66,14,10.505,53.345,False,False,-1
66,15,10.755,52.751,False,False,-1
66,16,11.242,50.013,False,False,-1
66,17,11.564,52.166,False,False,-1
66,18,11.563,53.91,False,False,-1
66,19,11.762,54.893,False,False,-1
67,3,10.429,40.329,False,False,-1
67,4,11.108,43.115,False,False,-1
67,5,9.876,42.953,False,False,-1
67,6,10.712,47.376,False,False,-1
67,7,10.411,41.542,False,False,-1
67,8,11.917,47.338,False,False,-1
67,9,11.09,43.56,False,False,-1
67,10,11.87,40.37,False,False,-1
67,11,10.732,44.663,False,False,-1
67,12,12.537,44.553,False,False,-1
67,13,11.913,47.892,False,False,-1
67,14,13.016,44.671,False,False,-1
67,15,12.054,49.669,False,False,-1
67,16,11.401,48.28,False,False,-1
67,17,11.753,46.629,False,False,-1
67,18,12.241,44.708,False,False,-1
67,19,11.971,47.377,False,False,-1
68,0,12.026,49.845,False,True,1
68,1,11.605,50.382,False,True,1
68,2,12.601,54.31,False,True,1
68,3,12.103,48.386,False,True,1
68,4,12.776,51.141,False,True,1
68,5,12.224,48.896,False,True,1
68,6,12.862,48.247,False,True,1
68,7,12.486,50.282,False,True,1
68,8,13.289,49.093,False,True,1
68,9,11.97,46.669,False,True,1
68,10,12.361,48.076,False,True,1
68,11,13.014,48.525,False,True,1
68,12,12.84,49.554,False,True,1
68,13,13.071,53.948,False,True,1
68,14,13.722,51.535,False,True,1
68,15,13.261,50.836,False,True,1
68,16,13.755,53.071,False,True,1
68,17,13.237,52.176,False,True,1
68,18,12.775,52.726,False,True,1
68,19,14.272,51.943,False,True,1
69,4,14.142,41.916,True,False,1
69,5,14.083,41.959,True,False,1
69,6,14.287,44.084,True,False,1
69,7,15.022,42.583,True,False,1
69,8,14.841,41.384,True,False,1
69,9,16.916,46.464,True,False,1
69,10,17.178,52.609,True,False,1
69,11,16.672,44.003,True,False,1
69,12,16.559,51.051,True,False,1
69,13,17.21,49.285,True,False,1
69,14,17.537,49.957,True,False,1
69,15,17.742,51.026,True,False,1
69,16,17.994,50.105,True,False,1
69,17,17.786,48.973,True,False,1
69,18,17.132,53.201,True,False,1
69,19,17.641,51.597,True,False,1
70,7,10.953,48.407,False,False,-1
70,8,11.325,42.312,False,False,-1
70,9,11.04,49.499,False,False,-1
70,10,11.141,42.534,False,False,-1
70,11,12.294,47.7,False,False,-1
70,12,11.412,45.792,False,False,-1
70,13,12.089,45.651,False,False,-1
70,14,12.222,48.019,False,False,-1
70,15,11.87,47.426,False,False,-1
70,16,11.76,49.426,False,False,-1
70,17,11.515,44.291,False,False,-1
70,18,12.355,48.997,False,False,-1
70,19,12.388,48.75,False,False,-1
71,1,9.436,57.101,False,True,0
71,2,9.403,62.316,False,True,0
71,3,8.791,59.474,False,True,0
71,4,8.919,58.458,False,True,0
71,5,9.642,54.705,False,True,0
71,6,10.153,58.315,False,True,0
71,7,9.009,60.954,False,True,0
71,8,10.876,62.455,False,True,0
71,9,10.438,59.767,False,True,0
71,10,11.023,63.24,False,True,0
71,11,11.026,58.192,False,True,0
71,12,10.66,61.154,False,True,0
71,13,9.754,61.414,False,True,0
71,14,11.895,61.955,False,True,0
71,15,11.596,61.241,False,True,0
71,16,10.922,61.837,False,True,0
71,17,10.651,59.347,False,True,0
71,18,11.792,64.22,False,True,0
71,19,10.763,63.611,False,True,0
72,4,10.456,56.187,False,False,-1
72,5,10.367,57.218,False,False,-1
72,6,10.581,55.846,False,False,-1
72,7,10.109,59.115,False,False,-1
72,8,10.861,56.424,False,False,-1
72,9,9.922,53.553,False,False,-1
72,10,11.445,55.972,False,False,-1
72,11,9.969,57.675,False,False,-1
72,12,10.754,58.621,False,False,-1
72,13,11.082,56.407,False,False,-1
72,14,11.816,54.403,False,False,-1
72,15,10.83,56.005,False,False,-1
72,16,11.84,53.936,False,False,-1
72,17,10.692,58.446,False,False,-1
72,18,11.325,56.214,False,False,-1
72,19,10.798,55.84,False,False,-1
73,1,9.699,62.819,True,False,2
73,2,9.843,58.338,True,False,2
73,3,11.054,60.327,True,False,2
73,4,10.109,59.794,True,False,2
73,5,11.161,63.236,True,False,2
73,6,10.176,60.419,True,False,2
73,7,10.73,58.731,True,False,2
73,8,10.757,60.914,True,False,2
73,9,11.455,63.519,True,False,2
73,10,12.82,65.876,True,False,2
73,11,13.417,65.333,True,False,2
73,12,13.479,66.528,True,False,2
73,13,12.8,64.99,True,False,2
73,14,14.108,66.791,True,False,2
73,15,14.305,66.277,True,False,2
73,16,13.73,72.289,True,False,2
73,17,13.156,63.908,True,False,2
73,18,14.428,66.25,True,False,2
73,19,13.875,66.932,True,False,2
74,6,11.046,42.594,False,True,0
74,7,10.732,40.494,False,True,0
74,8,11.163,39.237,False,True,0
74,9,11.225,42.532,False,True,0
74,10,11.337,41.952,False,True,0
74,11,11.626,41.383,False,True,0
74,12,12.082,45.767,False,True,0
74,13,11.604,44.065,False,True,0
74,14,11.817,44.026,False,True,0
74,15,12.819,44.512,False,True,0
74,16,11.25,44.603,False,True,0
74,17,12.853,43.451,False,True,0
74,18,12.834,42.714,False,True,0
74,19,11.694,44.577,False,True,0
75,4,7.53,44.583,False,True,2
75,5,6.347,46.538,False,True,2
75,6,7.055,48.071,False,True,2
75,7,7.887,50.911,False,True,2
75,8,7.535,49.494,False,True,2
75,9,7.584,47.678,False,True,2
75,10,7.916,47.378,False,True,2
75,11,8.005,52.175,False,True,2
75,12,7.792,49.65,False,True,2
75,13,7.987,44.479,False,True,2
75,14,8.038,50.176,False,True,2
75,15,7.962,52.015,False,True,2
75,16,8.05,48.522,False,True,2
75,17,8.116,51.137,False,True,2
75,18,8.345,51.526,False,True,2
75,19,8.907,49.23,False,True,2
76,3,9.784,63.859,False,False,-1
76,4,10.459,62.958,False,False,-1
76,5,10.399,63.56,False,False,-1
76,6,11.872,61.57,False,False,-1
76,7,10.467,61.695,False,False,-1
76,8,12.015,63.575,False,False,-1
76,9,11.239,63.894,False,False,-1
76,10,10.879,64.429,False,False,-1
76,11,12.681,67.883,False,False,-1
76,12,11.125,66.594,False,False,-1
76,13,11.236,61.947,False,False,-1
76,14,12.261,68.019,False,False,-1
76,15,12.374,64.96,False,False,-1
76,16,11.868,67.599,False,False,-1
76,17,12.247,65.512,False,False,-1
76,18,11.342,66.727,False,False,-1
76,19,12.791,64.304,False,False,-1
77,2,11.853,55.459,True,False,0
77,3,11.23,50.681,True,False,0
77,4,11.411,55.894,True,False,0
77,5,11.507,52.927,True,False,0
77,6,10.967,58.021,True,False,0
77,7,12.39,56.255,True,False,0
77,8,14.561,61.069,True,False,0
77,9,14.055,59.788,True,False,0
77,10,14.064,65.585,True,False,0
77,11,14.655,59.588,True,False,0
77,12,14.71,58.694,True,False,0
77,13,15.33,59.593,True,False,0
77,14,14.928,63.247,True,False,0
77,15,14.97,61.504,True,False,0
77,16,14.883,61.403,True,False,0
77,17,14.689,60.816,True,False,0
77,18,15.817,61.698,True,False,0
77,19,14.785,61.083,True,False,0
78,5,12.981,57.241,False,False,-1
78,6,13.087,56.669,False,False,-1
78,7,12.771,60.096,False,False,-1
78,8,13.438,56.392,False,False,-1
78,9,12.673,58.773,False,False,-1
78,10,14.064,54.925,False,False,-1
78,11,13.44,56.204,False,False,-1
78,12,13.084,58.427,False,False,-1
78,13,13.29,58.288,False,False,-1
78,14,13.604,58.486,False,False,-1
78,15,12.97,61.316,False,False,-1
78,16,14.177,61.642,False,False,-1
78,17,13.13,60.754,False,False,-1
78,18,14.339,58.294,False,False,-1
78,19,14.105,60.324,False,False,-1
79,6,13.452,75.433,False,False,-1
79,7,13.927,72.606,False,False,-1
79,8,14.97,68.854,False,False,-1
79,9,14.831,70.83,False,False,-1
79,10,14.961,71.706,False,False,-1
79,11,15.382,71.596,False,False,-1
79,12,14.8,73.837,False,False,-1
79,13,15.274,73.309,False,False,-1
79,14,14.752,69.954,False,False,-1
79,15,14.9,71.003,False,False,-1
79,16,15.677,74.397,False,False,-1
79,17,15.307,75.507,False,False,-1
79,18,16.169,73.332,False,False,-1
79,19,15.173,76.196,False,False,-1
80,9,10.608,51.282,False,True,1
80,10,10.144,54.527,False,True,1
80,11,10.586,59.581,False,True,1
80,12,10.535,51.147,False,True,1
80,13,11.433,56.92,False,True,1
80,14,11.31,55.206,False,True,1
80,15,10.456,52.907,False,True,1
80,16,10.941,50.672,False,True,1
80,17,11.636,50.176,False,True,1
80,18,11.017,53.787,False,True,1
80,19,11.362,55.854,False,True,1
81,4,11.387,62.02,False,False,-1
81,5,11.11,60.545,False,False,-1
81,6,11.467,60.421,False,False,-1
81,7,11.113,59.673,False,False,-1
81,8,11.002,61.381,False,False,-1
81,9,11.464,59.412,False,False,-1
81,10,11.28,58.517,False,False,-1
81,11,12.201,61.295,False,False,-1
81,12,11.38,62.955,False,False,-1
81,13,11.631,58.725,False,False,-1
81,14,12.522,60.664,False,False,-1
81,15,11.907,62.02,False,False,-1
81,16,12.782,62.178,False,False,-1
81,17,11.712,63.426,False,False,-1
81,18,12.169,66.314,False,False,-1
81,19,12.511,58.268,False,False,-1
82,1,11.603,73.308,True,False,1
82,2,10.405,71.67,True,False,1
82,3,10.654,70.495,True,False,1
82,4,10.478,68.957,True,False,1
82,5,10.877,72.243,True,False,1
82,6,11.715,71.2,True,False,1
82,7,10.74,70.223,True,False,1
82,8,11.142,72.785,True,False,1
82,9,14.204,78.359,True,False,1
82,10,13.337,70.967,True,False,1
82,11,12.931,79.489,True,False,1
82,12,13.714,75.345,True,False,1
82,13,14.836,79.576,True,False,1
82,14,14.127,76.659,True,False,1
82,15,14.149,77.9,True,False,1
82,16,15.115,78.491,True,False,1
82,17,14.778,80.185,True,False,1
82,18,13.93,79.556,True,False,1
82,19,14.467,73.214,True,False,1
83,8,6.809,41.646,False,False,-1
83,9,6.736,45.521,False,False,-1
83,10,6.109,41.764,False,False,-1
83,11,6.996,40.546,False,False,-1
83,12,6.958,39.019,False,False,-1
83,13,7.749,41.056,False,False,-1
83,14,8.159,42.554,False,False,-1
83,15,7.758,42.712,False,False,-1
83,16,7.328,41.851,False,False,-1
83,17,7.503,43.855,False,False,-1
83,18,7.152,43.169,False,False,-1
83,19,7.339,48.218,False,False,-1
84,6,10.323,67.171,True,False,2
84,7,9.86,65.958,True,False,2
84,8,10.726,70.224,True,False,2
84,9,10.832,70.02,True,False,2
84,10,13.141,75.707,True,False,2
84,11,12.891,77.433,True,False,2
84,12,12.778,71.319,True,False,2
84,13,12.516,77.714,True,False,2
84,14,13.63,72.584,True,False,2
84,15,13.945,74.828,True,False,2
84,16,14.404,70.557,True,False,2
84,17,13.388,72.927,True,False,2
84,18,12.634,76.173,True,False,2
84,19,13.585,75.732,True,False,2
85,7,15.209,48.105,False,False,-1
85,8,16.013,46.934,False,False,-1
85,9,15.304,50.382,False,False,-1
85,10,15.909,44.378,False,False,-1
85,11,15.207,51.67,False,False,-1
85,12,16.121,47.343,False,False,-1
85,13,15.934,49.094,False,False,-1
85,14,16.487,46.551,False,False,-1
85,15,15.799,50.013,False,False,-1
85,16,16.27,50.811,False,False,-1
85,17,15.805,50.582,False,False,-1
85,18,17.065,51.041,False,False,-1
85,19,16.689,50.076,False,False,-1
86,0,8.96,49.042,False,True,1
86,1,7.985,48.496,False,True,1
86,2,8.631,48.933,False,True,1
86,3,8.873,50.926,False,True,1
86,4,9.175,52.927,False,True,1
86,5,9.328,48.412,False,True,1
86,6,8.479,50.328,False,True,1
86,7,8.805,48.403,False,True,1
86,8,8.909,49.931,False,True,1
86,9,8.894,50.448,False,True,1
86,10,9.92,51.678,False,True,1
86,11,10.666,51.821,False,True,1
86,12,9.385,51.688,False,True,1
86,13,9.759,52.751,False,True,1
86,14,10.769,50.389,False,True,1
86,15,10.26,52.696,False,True,1
86,16,9.145,54.021,False,True,1
86,17,10.664,50.966,False,True,1
86,18,10.126,49.429,False,True,1
86,19,9.601,55.176,False,True,1
87,3,9.482,38.467,False,True,0
87,4,9.232,41.191,False,True,0
87,5,8.986,38.101,False,True,0
87,6,9.744,42.051,False,True,0
87,7,10.386,38.982,False,True,0
87,8,10.336,38.944,False,True,0
87,9,10.88,38.444,False,True,0
87,10,10.731,39.599,False,True,0
87,11,11.174,42.295,False,True,0
87,12,9.759,40.267,False,True,0
87,13,10.758,43.617,False,True,0
87,14,10.432,41.801,False,True,0
87,15,10.946,42.176,False,True,0
87,16,10.02,40.486,False,True,0
87,17,10.885,44.743,False,True,0
87,18,11.675,44.071,False,True,0
87,19,11.111,44.21,False,True,0
88,7,8.954,47.37,False,False,-1
88,8,9.633,50.439,False,False,-1
88,9,9.91,51.36,False,False,-1
88,10,9.788,51.581,False,False,-1
88,11,9.745,51.493,False,False,-1
88,12,9.503,51.607,False,False,-1
88,13,10.301,49.728,False,False,-1
88,14,10.092,50.02,False,False,-1
88,15,9.903,49.218,False,False,-1
88,16,10.899,53.799,False,False,-1
88,17,10.635,55.812,False,False,-1
88,18,10.372,58.131,False,False,-1
88,19,10.453,52.778,False,False,-1
89,8,10.422,55.095,False,True,2
89,9,10.993,56.002,False,True,2
89,10,10.34,53.905,False,True,2
89,11,10.514,55.655,False,True,2
89,12,10.1,54.57,False,True,2
89,13,11.84,55.796,False,True,2
89,14,9.876,55.127,False,True,2
89,15,10.679,57.817,False,True,2
89,16,11.082,58.276,False,True,2
89,17,10.582,57.804,False,True,2
89,18,10.566,56.084,False,True,2
89,19,10.646,55.146,False,True,2
90,4,13.017,57.765,False,True,0
90,5,13.017,54.364,False,True,0
90,6,13.16,58.44,False,True,0
90,7,13.142,59.046,False,True,0
90,8,12.435,55.49,False,True,0
90,9,12.672,59.816,False,True,0
90,10,13.473,56.15,False,True,0
90,11,12.738,57.64,False,True,0
90,12,13.15,56.562,False,True,0
90,13,12.717,57.842,False,True,0
90,14,13.572,57.325,False,True,0
90,15,13.571,62.003,False,True,0
90,16,13.078,59.673,False,True,0
90,17,14.341,59.45,False,True,0
90,18,13.642,62.813,False,True,0
90,19,13.875,62.895,False,True,0
91,8,11.898,48.812,False,False,-1
91,9,12.268,47.275,False,False,-1
91,10,11.879,48.449,False,False,-1
91,11,12.31,46.721,False,False,-1
91,12,12.566,49.904,False,False,-1
91,13,11.499,51.588,False,False,-1
91,14,13.375,51.375,False,False,-1
91,15,13.071,49.742,False,False,-1
91,16,11.627,46.083,False,False,-1
91,17,12.685,48.788,False,False,-1
91,18,12.201,50.046,False,False,-1
91,19,13.066,47.466,False,False,-1
92,8,9.365,68.438,False,False,-1
92,9,9.76,67.99,False,False,-1
92,10,10.651,68.581,False,False,-1
92,11,10.657,64.996,False,False,-1
92,12,10.859,65.793,False,False,-1
92,13,10.532,68.215,False,False,-1
92,14,10.745,68.573,False,False,-1
92,15,10.18,65.399,False,False,-1
92,16,11.138,68.67,False,False,-1
92,17,11.377,68.409,False,False,-1
92,18,10.2,70.631,False,False,-1
92,19,10.817,69.583,False,False,-1
93,3,8.567,66.368,False,False,-1
93,4,9.159,65.059,False,False,-1
93,5,9.37,70.667,False,False,-1
93,6,9.06,68.433,False,False,-1
93,7,8.03,67.765,False,False,-1
93,8,9.349,66.406,False,False,-1
93,9,10.146,67.591,False,False,-1
93,10,9.616,67.689,False,False,-1
93,11,8.847,66.379,False,False,-1
93,12,10.386,64.623,False,False,-1
93,13,9.622,68.244,False,False,-1
93,14,10.977,70.78,False,False,-1
93,15,9.926,72.052,False,False,-1
93,16,9.935,71.661,False,False,-1
93,17,9.726,71.99,False,False,-1
93,18,10.302,67.986,False,False,-1
93,19,10.497,70.798,False,False,-1
94,8,9.519,58.38,False,False,-1
94,9,10.132,57.218,False,False,-1
94,10,9.79,57.843,False,False,-1
94,11,10.386,61.863,False,False,-1
94,12,10.68,59.892,False,False,-1
94,13,11.855,59.171,False,False,-1
94,14,10.653,59.748,False,False,-1
94,15,10.006,57.652,False,False,-1
94,16,10.357,60.035,False,False,-1
94,17,10.623,59.216,False,False,-1
94,18,11.354,60.866,False,False,-1
94,19,10.83,58.0,False,False,-1
95,2,11.667,57.513,False,False,-1
95,3,12.653,59.897,False,False,-1
95,4,13.126,59.107,False,False,-1
95,5,13.063,58.867,False,False,-1
95,6,12.534,58.416,False,False,-1
95,7,12.98,59.07,False,False,-1
95,8,12.128,58.544,False,False,-1
95,9,13.199,58.976,False,False,-1
95,10,13.147,60.715,False,False,-1
95,11,12.831,56.683,False,False,-1
95,12,13.296,61.667,False,False,-1
95,13,14.414,61.903,False,False,-1
95,14,12.936,60.074,False,False,-1
95,15,13.899,61.094,False,False,-1
95,16,14.14,59.105,False,False,-1
95,17,14.003,61.98,False,False,-1
95,18,14.483,59.727,False,False,-1
95,19,13.998,56.131,False,False,-1
96,2,8.447,45.487,True,False,0
96,3,9.029,40.837,True,False,0
96,4,9.265,43.699,True,False,0
96,5,9.5,43.192,True,False,0
96,6,9.372,45.39,True,False,0
96,7,9.609,46.405,True,False,0
96,8,11.429,48.283,True,False,0
96,9,10.918,50.388,True,False,0
96,10,11.753,50.539,True,False,0
96,11,12.17,51.397,True,False,0
96,12,11.475,51.6,True,False,0
96,13,12.17,53.006,True,False,0
96,14,13.096,51.218,True,False,0
96,15,12.22,53.608,True,False,0
96,16,12.345,51.955,True,False,0
96,17,11.682,52.134,True,False,0
96,18,12.02,49.903,True,False,0
96,19,12.259,51.462,True,False,0
97,6,11.316,56.69,True,False,0
97,7,10.938,56.422,True,False,0
97,8,14.167,64.261,True,False,0
97,9,13.711,64.915,True,False,0
97,10,13.41,60.516,True,False,0
97,11,14.622,66.553,True,False,0
97,12,14.614,63.33,True,False,0
97,13,13.37,59.566,True,False,0
97,14,14.632,63.095,True,False,0
97,15,14.115,64.142,True,False,0
97,16,14.825,66.1,True,False,0
97,17,14.936,66.868,True,False,0
97,18,14.972,64.38,True,False,0
97,19,15.6,62.854,True,False,0
98,6,16.419,56.003,False,True,0
98,7,17.267,56.738,False,True,0
98,8,15.626,58.16,False,True,0
98,9,16.358,55.767,False,True,0
98,10,15.989,56.805,False,True,0
98,11,16.403,56.153,False,True,0
98,12,16.687,60.003,False,True,0
98,13,17.92,56.446,False,True,0
98,14,17.061,55.806,False,True,0
98,15,17.682,56.095,False,True,0
98,16,17.018,58.91,False,True,0
98,17,17.06,57.077,False,True,0
98,18,16.638,58.761,False,True,0
98,19,18.499,58.995,False,True,0
99,1,13.142,39.853,False,True,2
99,2,13.01,43.483,False,True,2
99,3,13.275,39.314,False,True,2
99,4,12.666,39.577,False,True,2
99,5,13.669,46.667,False,True,2
99,6,14.205,38.947,False,True,2
99,7,14.334,44.812,False,True,2
99,8,12.951,42.533,False,True,2
99,9,14.371,44.44,False,True,2
99,10,13.269,44.76,False,True,2
99,11,12.955,43.293,False,True,2
99,12,14.693,43.976,False,True,2
99,13,13.974,45.918,False,True,2
99,14,14.811,46.959,False,True,2
99,15,14.861,46.702,False,True,2
99,16,14.89,45.27,False,True,2
99,17,14.668,44.464,False,True,2
99,18,14.117,43.228,False,True,2
99,19,14.683,45.822,False,True,2
100,8,14.183,53.341,False,True,0
100,9,13.666,52.571,False,True,0
100,10,13.76,54.226,False,True,0
100,11,14.3,49.401,False,True,0
100,12,14.162,55.278,False,True,0
100,13,14.091,53.077,False,True,0
100,14,14.555,50.309,False,True,0
100,15,14.637,49.794,False,True,0
100,16,14.169,54.933,False,True,0
100,17,14.76,52.373,False,True,0
100,18,14.905,53.062,False,True,0
100,19,14.788,54.696,False,True,0
101,1,8.489,47.432,True,False,2
101,2,8.285,53.94,True,False,2
101,3,9.038,48.356,True,False,2
101,4,8.175,50.979,True,False,2
101,5,9.826,51.03,True,False,2
101,6,9.799,52.307,True,False,2
101,7,9.481,49.132,True,False,2
101,8,9.814,51.333,True,False,2
101,9,9.877,50.575,True,False,2
101,10,11.634,58.107,True,False,2
101,11,11.568,58.412,True,False,2
101,12,11.612,56.505,True,False,2
101,13,12.648,60.101,True,False,2
101,14,11.565,59.34,True,False,2
101,15,11.674,56.034,True,False,2
101,16,12.662,55.195,True,False,2
101,17,12.709,58.298,True,False,2
101,18,12.239,59.823,True,False,2
101,19,12.736,57.551,True,False,2
102,8,11.607,52.394,False,True,0
102,9,13.026,56.287,False,True,0
102,10,12.794,50.753,False,True,0
102,11,12.781,55.035,False,True,0
102,12,12.998,55.104,False,True,0
102,13,12.917,53.589,False,True,0
102,14,12.531,50.138,False,True,0
102,15,13.105,54.506,False,True,0
102,16,13.314,51.659,False,True,0
102,17,13.458,58.643,False,True,0
102,18,13.275,54.61,False,True,0
102,19,13.49,58.998,False,True,0
103,0,7.553,50.938,True,False,0
103,1,8.028,54.927,True,False,0
103,2,9.053,53.328,True,False,0
103,3,8.064,57.618,True,False,0
103,4,8.139,51.69,True,False,0
103,5,7.565,55.824,True,False,0
103,6,9.037,58.068,True,False,0
103,7,7.958,56.348,True,False,0
103,8,10.788,60.244,True,False,0
103,9,10.029,61.768,True,False,0
103,10,11.346,58.954,True,False,0
103,11,11.375,57.701,True,False,0
103,12,10.863,58.505,True,False,0
103,13,10.326,61.356,True,False,0
103,14,11.949,58.429,True,False,0
103,15,11.627,59.501,True,False,0
103,16,11.717,58.977,True,False,0
103,17,11.211,62.536,True,False,0
103,18,11.721,64.676,True,False,0
103,19,11.876,58.98,True,False,0
104,7,13.517,60.089,False,True,2
104,8,12.927,57.653,False,True,2
104,9,13.268,55.527,False,True,2
104,10,13.322,60.981,False,True,2
104,11,13.673,55.816,False,True,2
104,12,12.876,62.038,False,True,2
104,13,13.709,57.613,False,True,2
104,14,13.717,56.153,False,True,2
104,15,14.665,58.522,False,True,2
104,16,14.738,59.611,False,True,2
104,17,14.869,60.221,False,True,2
104,18,14.68,61.346,False,True,2
104,19,14.666,60.804,False,True,2
105,7,9.781,70.563,False,True,1
105,8,10.342,71.559,False,True,1
105,9,10.22,71.584,False,True,1
105,10,10.45,67.99,False,True,1
105,11,10.639,69.153,False,True,1
105,12,9.867,71.828,False,True,1
105,13,11.078,72.808,False,True,1
105,14,11.218,68.089,False,True,1
105,15,10.354,76.101,False,True,1
105,16,10.611,73.576,False,True,1
105,17,10.891,72.714,False,True,1
105,18,11.018,73.877,False,True,1
105,19,11.503,72.058,False,True,1
106,7,7.993,54.933,False,False,-1
106,8,10.013,56.978,False,False,-1
106,9,9.159,54.307,False,False,-1
106,10,7.93,52.033,False,False,-1
106,11,9.641,53.298,False,False,-1
106,12,8.75,54.746,False,False,-1
106,13,8.669,52.824,False,False,-1
106,14,9.274,53.695,False,False,-1
106,15,9.029,54.115,False,False,-1
106,16,9.761,55.413,False,False,-1
106,17,9.51,57.272,False,False,-1
106,18,9.629,55.721,False,False,-1
106,19,10.035,57.814,False,False,-1
107,6,9.915,50.285,True,False,1
107,7,10.79,53.096,True,False,1
107,8,10.734,52.968,True,False,1
107,9,12.629,58.999,True,False,1
107,10,13.173,59.629,True,False,1
107,11,12.755,60.78,True,False,1
107,12,13.02,59.471,True,False,1
107,13,13.147,58.9,True,False,1
107,14,12.738,60.009,True,False,1
107,15,14.629,58.056,True,False,1
107,16,13.341,58.114,True,False,1
107,17,13.162,62.295,True,False,1
107,18,13.169,58.458,True,False,1
107,19,12.812,58.091,True,False,1
108,4,8.383,56.385,False,False,-1
108,5,6.25,59.118,False,False,-1
108,6,6.82,60.117,False,False,-1
108,7,7.142,56.454,False,False,-1
108,8,7.294,59.434,False,False,-1
108,9,7.369,57.125,False,False,-1
108,10,7.484,55.774,False,False,-1
108,11,7.882,54.945,False,False,-1
108,12,7.561,60.237,False,False,-1
108,13,8.035,60.099,False,False,-1
108,14,7.951,61.458,False,False,-1
108,15,8.546,60.21,False,False,-1
108,16,8.647,61.019,False,False,-1
108,17,8.063,57.03,False,False,-1
108,18,8.593,61.01,False,False,-1
108,19,9.028,58.245,False,False,-1
109,7,8.852,52.227,False,False,-1
109,8,9.175,52.494,False,False,-1
109,9,8.615,59.102,False,False,-1
109,10,10.1,54.168,False,False,-1
109,11,9.122,56.884,False,False,-1
109,12,10.278,56.013,False,False,-1
109,13,9.249,60.296,False,False,-1
109,14,9.4,58.843,False,False,-1
109,15,8.949,57.257,False,False,-1
109,16,8.957,55.688,False,False,-1
109,17,10.307,57.899,False,False,-1
109,18,9.828,56.702,False,False,-1
109,19,9.977,59.001,False,False,-1
110,2,11.75,24.467,True,False,2
110,3,12.216,25.155,True,False,2
110,4,12.5,23.939,True,False,2
110,5,12.202,24.258,True,False,2
110,6,13.14,23.485,True,False,2
110,7,12.634,25.515,True,False,2
110,8,13.546,24.748,True,False,2
110,9,13.345,28.012,True,False,2
110,10,14.934,30.327,True,False,2
110,11,14.901,30.437,True,False,2
110,12,15.593,31.611,True,False,2
110,13,15.383,29.098,True,False,2
110,14,14.882,35.835,True,False,2
110,15,15.377,30.199,True,False,2
110,16,16.281,32.512,True,False,2
110,17,15.955,31.872,True,False,2
110,18,15.606,32.009,True,False,2
110,19,15.174,32.373,True,False,2
111,7,11.335,65.236,True,False,0
111,8,13.345,80.584,True,False,0
111,9,13.925,73.683,True,False,0
111,10,13.888,74.021,True,False,0
111,11,13.015,75.008,True,False,0
111,12,13.838,72.16,True,False,0
111,13,13.317,76.125,True,False,0
111,14,13.788,77.094,True,False,0
111,15,13.485,77.933,True,False,0
111,16,13.6,79.99,True,False,0
111,17,13.434,74.72,True,False,0
111,18,14.601,80.433,True,False,0
111,19,14.65,78.43,True,False,0
112,5,10.29,38.312,False,False,-1
112,6,9.996,41.74,False,False,-1
112,7,10.173,41.775,False,False,-1
112,8,10.184,41.929,False,False,-1
112,9,10.691,44.349,False,False,-1
112,10,11.197,44.208,False,False,-1
112,11,10.757,42.048,False,False,-1
112,12,10.745,41.309,False,False,-1
112,13,11.204,40.884,False,False,-1
112,14,10.827,39.709,False,False,-1
112,15,10.365,40.623,False,False,-1
112,16,11.949,39.739,False,False,-1
112,17,11.051,46.718,False,False,-1
112,18,11.517,43.978,False,False,-1
112,19,12.256,44.861,False,False,-1
113,4,6.546,53.382,False,False,-1
113,5,6.658,46.594,False,False,-1
113,6,7.035,45.896,False,False,-1
113,7,8.332,53.934,False,False,-1
113,8,7.517,46.649,False,False,-1
113,9,6.737,49.001,False,False,-1
113,10,7.797,48.387,False,False,-1
113,11,8.166,50.68,False,False,-1
113,12,8.317,49.457,False,False,-1
113,13,7.705,51.621,False,False,-1
113,14,8.362,52.266,False,False,-1
113,15,8.85,47.846,False,False,-1
113,16,7.838,49.378,False,False,-1
113,17,8.127,52.6,False,False,-1
113,18,8.931,53.488,False,False,-1
113,19,9.054,51.907,False,False,-1
114,5,12.934,58.658,True,False,0
114,6,13.057,55.289,True,False,0
114,7,12.681,57.503,True,False,0
114,8,15.818,61.196,True,False,0
114,9,15.953,57.557,True,False,0
114,10,15.372,61.617,True,False,0
114,11,15.136,66.665,True,False,0
114,12,15.566,61.282,True,False,0
114,13,15.712,58.292,True,False,0
114,14,15.42,64.464,True,False,0
114,15,15.585,61.04,True,False,0
114,16,16.654,65.578,True,False,0
114,17,16.358,62.187,True,False,0
114,18,16.08,61.689,True,False,0
114,19,15.802,61.408,True,False,0
115,5,8.482,41.092,False,True,0
115,6,9.481,44.254,False,True,0
115,7,9.13,41.645,False,True,0
115,8,9.72,40.745,False,True,0
115,9,10.036,43.003,False,True,0
115,10,9.928,41.142,False,True,0
115,11,9.685,39.117,False,True,0
115,12,9.561,40.809,False,True,0
115,13,9.502,43.133,False,True,0
115,14,10.762,40.637,False,True,0
115,15,10.406,40.585,False,True,0
115,16,10.211,41.472,False,True,0
115,17,10.765,41.695,False,True,0
115,18,11.07,42.761,False,True,0
115,19,10.339,40.946,False,True,0
116,0,10.643,63.43,True,False,1
116,1,11.321,58.537,True,False,1
116,2,10.547,60.292,True,False,1
116,3,10.387,61.885,True,False,1
116,4,11.087,60.265,True,False,1
116,5,11.35,63.398,True,False,1
116,6,11.192,59.926,True,False,1
116,7,11.961,62.287,True,False,1
116,8,11.146,60.563,True,False,1
116,9,13.504,66.476,True,False,1
116,10,12.828,62.867,True,False,1
116,11,13.163,64.223,True,False,1
116,12,13.384,67.622,True,False,1
116,13,13.722,66.945,True,False,1
116,14,13.294,65.829,True,False,1
116,15,14.3,68.142,True,False,1
116,16,13.744,67.476,True,False,1
116,17,15.306,67.317,True,False,1
116,18,13.96,67.205,True,False,1
116,19,14.452,67.45,True,False,1
117,1,9.556,35.467,False,True,0
117,2,10.055,34.833,False,True,0
117,3,10.149,36.288,False,True,0
117,4,10.782,36.167,False,True,0
117,5,10.637,35.482,False,True,0
117,6,10.823,37.517,False,True,0
117,7,11.07,38.392,False,True,0
117,8,11.032,36.969,False,True,0
117,9,10.96,39.493,False,True,0
117,10,10.611,36.309,False,True,0
117,11,11.128,38.596,False,True,0
117,12,10.725,37.816,False,True,0
117,13,11.19,33.735,False,True,0
117,14,11.227,38.051,False,True,0
117,15,11.357,41.397,False,True,0
117,16,10.929,37.116,False,True,0
117,17,10.331,38.004,False,True,0
117,18,11.539,38.146,False,True,0
117,19,12.391,41.087,False,True,0
118,2,10.869,46.654,True,False,2
118,3,10.047,43.461,True,False,2
118,4,10.335,48.603,True,False,2
118,5,11.794,47.417,True,False,2
118,6,10.373,45.124,True,False,2
118,7,11.132,44.165,True,False,2
118,8,11.231,49.529,True,False,2
118,9,11.274,47.655,True,False,2
118,10,13.438,53.636,True,False,2
118,11,12.867,57.195,True,False,2
118,12,13.18,55.245,True,False,2
118,13,12.246,56.447,True,False,2
118,14,14.29,54.154,True,False,2
118,15,13.935,55.411,True,False,2
118,16,13.434,55.588,True,False,2
118,17,13.451,53.476,True,False,2
118,18,14.519,56.843,True,False,2
118,19,13.703,53.627,True,False,2
119,1,8.309,58.24,False,True,1
119,2,9.282,57.55,False,True,1
119,3,9.514,57.318,False,True,1
119,4,9.002,56.172,False,True,1
119,5,9.717,56.793,False,True,1
119,6,9.484,58.384,False,True,1
119,7,8.882,57.508,False,True,1
119,8,10.2,59.33,False,True,1
119,9,9.104,59.737,False,True,1
119,10,9.636,66.234,False,True,1
119,11,9.951,58.765,False,True,1
119,12,10.619,56.044,False,True,1
119,13,10.056,63.915,False,True,1
119,14,10.051,56.66,False,True,1
119,15,10.011,63.235,False,True,1
119,16,10.497,58.849,False,True,1
119,17,10.066,59.607,False,True,1
119,18,10.689,63.603,False,True,1
119,19,11.135,62.038,False,True,1
120,4,8.003,34.83,False,False,-1
120,5,7.724,38.329,False,False,-1
120,6,7.368,35.872,False,False,-1
120,7,7.99,39.128,False,False,-1
120,8,8.667,39.535,False,False,-1
120,9,8.274,37.028,False,False,-1
120,10,7.801,37.699,False,False,-1
120,11,8.642,39.594,False,False,-1
120,12,7.487,37.549,False,False,-1
120,13,9.239,39.479,False,False,-1
120,14,8.028,44.232,False,False,-1
120,15,8.822,40.489,False,False,-1
120,16,9.136,39.185,False,False,-1
120,17,8.673,44.364,False,False,-1
120,18,9.638,41.965,False,False,-1
120,19,9.525,38.514,False,False,-1
121,6,13.297,39.49,False,False,-1
121,7,12.235,43.605,False,False,-1
121,8,12.951,39.19,False,False,-1
121,9,13.725,47.609,False,False,-1
121,10,14.25,43.054,False,False,-1
121,11,13.659,45.544,False,False,-1
121,12,14.316,43.282,False,False,-1
121,13,13.872,44.77,False,False,-1
121,14,14.232,44.103,False,False,-1
121,15,13.995,47.328,False,False,-1
121,16,14.76,45.723,False,False,-1
121,17,15.115,44.196,False,False,-1
121,18,15.167,46.254,False,False,-1
121,19,16.091,42.984,False,False,-1
122,6,9.42,59.288,False,False,-1
122,7,8.987,57.398,False,False,-1
122,8,10.003,57.197,False,False,-1
122,9,9.041,58.803,False,False,-1
122,10,10.236,57.387,False,False,-1
122,11,9.823,56.84,False,False,-1
122,12,9.782,57.87,False,False,-1
122,13,9.937,55.091,False,False,-1
122,14,9.497,55.484,False,False,-1
122,15,10.232,57.134,False,False,-1
122,16,10.329,58.39,False,False,-1
122,17,10.008,60.519,False,False,-1
122,18,10.287,56.921,False,False,-1
122,19,10.763,54.315,False,False,-1
123,4,7.95,62.846,False,True,2
123,5,9.674,60.072,False,True,2
123,6,9.165,63.249,False,True,2
123,7,8.886,62.946,False,True,2
123,8,8.883,60.456,False,True,2
123,9,8.919,62.296,False,True,2
123,10,9.998,61.443,False,True,2
123,11,8.883,59.845,False,True,2
123,12,9.816,65.899,False,True,2
123,13,9.916,61.637,False,True,2
123,14,10.202,62.132,False,True,2
123,15,9.73,60.894,False,True,2
123,16,10.723,57.932,False,True,2
123,17,10.518,62.283,False,True,2
123,18,10.014,66.795,False,True,2
123,19,9.962,62.251,False,True,2
124,8,10.318,52.591,False,False,-1
124,9,10.206,58.501,False,False,-1
124,10,10.777,57.041,False,False,-1
124,11,10.709,55.019,False,False,-1
124,12,11.778,56.162,False,False,-1
124,13,10.818,58.931,False,False,-1
124,14,10.778,55.749,False,False,-1
124,15,11.244,57.139,False,False,-1
124,16,11.469,61.522,False,False,-1
124,17,11.607,52.782,False,False,-1
124,18,11.702,57.814,False,False,-1
124,19,11.661,58.43,False,False,-1
125,5,10.749,49.39,False,False,-1
125,6,10.069,56.721,False,False,-1
125,7,10.285,51.074,False,False,-1
125,8,9.995,51.307,False,False,-1
125,9,10.376,50.389,False,False,-1
125,10,11.465,52.418,False,False,-1
125,11,11.327,48.131,False,False,-1
125,12,12.061,49.49,False,False,-1
125,13,12.007,54.117,False,False,-1
125,14,11.631,50.564,False,False,-1
125,15,11.518,51.532,False,False,-1
125,16,11.557,52.174,False,False,-1
125,17,10.623,55.117,False,False,-1
125,18,11.702,52.104,False,False,-1
125,19,11.562,53.991,False,False,-1
126,0,8.416,28.486,False,True,0
126,1,8.213,25.352,False,True,0
126,2,8.457,24.919,False,True,0
126,3,7.999,26.547,False,True,0
126,4,9.034,27.523,False,True,0
126,5,8.489,32.358,False,True,0
126,6,8.989,29.326,False,True,0
126,7,8.728,27.656,False,True,0
126,8,7.919,30.986,False,True,0
126,9,9.337,28.89,False,True,0
126,10,9.144,30.921,False,True,0
126,11,8.535,28.468,False,True,0
126,12,8.844,33.391,False,True,0
126,13,9.95,25.643,False,True,0
126,14,8.856,29.984,False,True,0
126,15,9.476,27.799,False,True,0
126,16,10.785,31.273,False,True,0
126,17,10.15,29.464,False,True,0
126,18,10.374,30.287,False,True,0
126,19,9.971,32.47,False,True,0
127,7,7.533,69.932,True,False,1
127,8,7.004,65.724,True,False,1
127,9,9.061,73.271,True,False,1
127,10,9.775,72.041,True,False,1
127,11,9.335,70.637,True,False,1
127,12,9.918,72.439,True,False,1
127,13,9.699,76.664,True,False,1
127,14,10.101,76.31,True,False,1
127,15,9.975,74.46,True,False,1
127,16,10.314,70.775,True,False,1
127,17,11.156,74.1,True,False,1
127,18,10.915,73.066,True,False,1
127,19,10.56,73.037,True,False,1
128,5,13.156,56.83,False,False,-1
128,6,13.65,55.845,False,False,-1
128,7,12.461,53.123,False,False,-1
128,8,12.77,56.169,False,False,-1
128,9,13.457,52.133,False,False,-1
128,10,13.378,52.126,False,False,-1
128,11,13.545,52.003,False,False,-1
128,12,13.936,56.27,False,False,-1
128,13,14.726,57.41,False,False,-1
128,14,13.661,57.55,False,False,-1
128,15,13.273,54.189,False,False,-1
128,16,14.239,51.998,False,False,-1
128,17,14.153,54.474,False,False,-1
128,18,14.323,54.559,False,False,-1
128,19,14.584,56.953,False,False,-1
129,6,13.016,50.774,True,False,1
129,7,12.829,52.28,True,False,1
129,8,13.896,56.606,True,False,1
129,9,15.39,56.332,True,False,1
129,10,15.513,57.492,True,False,1
129,11,16.092,57.161,True,False,1
129,12,16.544,56.233,True,False,1
129,13,16.594,58.744,True,False,1
129,14,16.195,57.237,True,False,1
129,15,17.514,56.433,True,False,1
129,16,16.55,56.767,True,False,1
129,17,17.394,60.241,True,False,1
129,18,16.262,59.693,True,False,1
129,19,16.83,57.834,True,False,1
130,5,12.124,54.809,False,False,-1
130,6,12.332,55.552,False,False,-1
130,7,12.246,54.011,False,False,-1
130,8,13.163,53.392,False,False,-1
130,9,12.63,55.053,False,False,-1
130,10,13.396,54.086,False,False,-1
130,11,12.249,54.153,False,False,-1
130,12,12.878,53.547,False,False,-1
130,13,12.577,52.188,False,False,-1
130,14,13.037,55.693,False,False,-1
130,15,12.272,59.064,False,False,-1
130,16,12.462,58.687,False,False,-1
130,17,12.866,60.496,False,False,-1
130,18,13.691,55.477,False,False,-1
130,19,12.958,58.904,False,False,-1
131,5,10.611,47.809,False,True,2
131,6,10.121,51.416,False,True,2
131,7,10.58,49.387,False,True,2
131,8,10.131,46.429,False,True,2
131,9,9.847,50.743,False,True,2
131,10,10.406,50.456,False,True,2
131,11,11.095,48.132,False,True,2
131,12,10.557,51.084,False,True,2
131,13,10.423,53.77,False,True,2
131,14,11.33,51.687,False,True,2
131,15,11.872,48.309,False,True,2
131,16,11.071,52.239,False,True,2
131,17,10.718,52.308,False,True,2
131,18,10.722,53.288,False,True,2
131,19,11.904,52.651,False,True,2
132,0,6.577,40.374,True,False,0
132,1,5.047,43.018,True,False,0
132,2,6.563,39.094,True,False,0
132,3,7.092,39.577,True,False,0
132,4,6.35,41.849,True,False,0
132,5,7.685,44.579,True,False,0
132,6,7.074,42.457,True,False,0
132,7,7.39,39.218,True,False,0
132,8,9.416,45.464,True,False,0
132,9,9.354,46.677,True,False,0
132,10,9.545,47.568,True,False,0
132,11,7.858,47.89,True,False,0
132,12,9.815,48.624,True,False,0
132,13,9.543,51.216,True,False,0
132,14,9.85,49.007,True,False,0
132,15,10.317,49.057,True,False,0
132,16,9.445,43.655,True,False,0
132,17,9.756,50.254,True,False,0
132,18,9.918,50.534,True,False,0
132,19,10.269,51.708,True,False,0
133,5,10.163,58.679,False,False,-1
133,6,9.156,54.959,False,False,-1
133,7,10.534,59.168,False,False,-1
133,8,10.33,55.691,False,False,-1
133,9,10.688,58.214,False,False,-1
133,10,10.23,57.337,False,False,-1
133,11,11.1,60.657,False,False,-1
133,12,10.981,57.164,False,False,-1
133,13,10.683,58.391,False,False,-1
133,14,10.752,57.855,False,False,-1
133,15,10.381,60.27,False,False,-1
133,16,10.439,57.012,False,False,-1
133,17,11.158,62.058,False,False,-1
133,18,10.998,56.944,False,False,-1
133,19,11.034,61.794,False,False,-1
134,7,6.441,42.554,False,True,2
134,8,4.622,41.489,False,True,2
134,9,5.309,43.465,False,True,2
134,10,6.295,42.75,False,True,2
134,11,5.205,43.747,False,True,2
134,12,5.226,40.306,False,True,2
134,13,4.795,39.442,False,True,2
134,14,5.327,40.417,False,True,2
134,15,6.032,40.574,False,True,2
134,16,4.403,41.085,False,True,2
134,17,5.839,42.162,False,True,2
134,18,6.935,42.346,False,True,2
134,19,6.716,43.735,False,True,2
135,3,10.186,40.716,False,True,0
135,4,10.4,41.974,False,True,0
135,5,9.943,44.63,False,True,0
135,6,10.729,41.95,False,True,0
135,7,10.688,42.879,False,True,0
135,8,10.282,43.387,False,True,0
135,9,10.505,41.556,False,True,0
135,10,10.104,42.929,False,True,0
135,11,11.299,42.457,False,True,0
135,12,12.376,45.818,False,True,0
135,13,11.868,45.837,False,True,0
135,14,12.242,42.872,False,True,0
135,15,10.135,43.754,False,True,0
135,16,11.794,45.149,False,True,0
135,17,11.753,47.688,False,True,0
135,18,11.906,46.844,False,True,0
135,19,11.346,43.255,False,True,0
136,6,13.517,50.966,False,False,-1
136,7,13.604,50.991,False,False,-1
136,8,13.387,49.608,False,False,-1
136,9,14.031,51.623,False,False,-1
136,10,14.782,53.595,False,False,-1
136,11,14.461,51.723,False,False,-1
136,12,14.368,54.131,False,False,-1
136,13,14.886,53.421,False,False,-1
136,14,15.168,53.825,False,False,-1
136,15,15.125,53.029,False,False,-1
136,16,13.922,54.746,False,False,-1
136,17,15.291,55.56,False,False,-1
136,18,15.239,53.912,False,False,-1
136,19,14.725,55.912,False,False,-1
137,0,11.408,42.625,True,False,1
137,1,10.661,47.864,True,False,1
137,2,11.487,44.075,True,False,1
137,3,11.297,45.301,True,False,1
137,4,9.88,43.378,True,False,1
137,5,11.327,44.678,True,False,1
137,6,11.576,47.85,True,False,1
137,7,11.392,43.676,True,False,1
137,8,11.815,45.338,True,False,1
137,9,13.675,50.607,True,False,1
137,10,14.974,46.91,True,False,1
137,11,13.759,51.584,True,False,1
137,12,13.662,53.591,True,False,1
137,13,14.56,51.895,True,False,1
137,14,14.118,51.967,True,False,1
137,15,14.301,52.234,True,False,1
137,16,14.359,53.096,True,False,1
137,17,14.93,50.33,True,False,1
137,18,14.128,49.494,True,False,1
137,19,15.186,53.692,True,False,1
138,3,12.203,35.087,False,False,-1
138,4,11.495,38.214,False,False,-1
138,5,11.017,35.612,False,False,-1
138,6,11.7,42.62,False,False,-1
138,7,11.861,40.318,False,False,-1
138,8,12.413,38.041,False,False,-1
138,9,11.416,39.625,False,False,-1
138,10,11.261,40.907,False,False,-1
138,11,12.211,32.605,False,False,-1
138,12,12.04,39.413,False,False,-1
138,13,12.192,39.735,False,False,-1
138,14,11.986,35.893,False,False,-1
138,15,12.475,38.768,False,False,-1
138,16,12.436,41.36,False,False,-1
138,17,12.285,39.731,False,False,-1
138,18,12.845,36.192,False,False,-1
138,19,12.251,39.529,False,False,-1
139,4,13.5,50.372,True,False,2
139,5,14.829,56.6,True,False,2
139,6,15.133,55.231,True,False,2
139,7,14.838,58.885,True,False,2
139,8,14.539,56.541,True,False,2
139,9,14.875,58.678,True,False,2
139,10,16.955,64.741,True,False,2
139,11,16.831,60.336,True,False,2
139,12,18.151,61.983,True,False,2
139,13,16.978,63.261,True,False,2
139,14,17.396,62.819,True,False,2
139,15,17.454,63.713,True,False,2
139,16,17.65,59.278,True,False,2
139,17,18.603,63.898,True,False,2
139,18,18.053,61.636,True,False,2
139,19,17.627,63.248,True,False,2
140,9,14.218,44.641,False,False,-1
140,10,13.713,45.651,False,False,-1
140,11,14.681,42.562,False,False,-1
140,12,13.482,42.647,False,False,-1
140,13,13.696,45.119,False,False,-1
140,14,13.532,45.474,False,False,-1
140,15,13.432,45.106,False,False,-1
140,16,15.14,48.149,False,False,-1
140,17,14.733,45.536,False,False,-1
140,18,13.971,45.464,False,False,-1
140,19,14.818,49.678,False,False,-1
141,2,11.636,56.755,False,False,-1
141,3,11.944,56.504,False,False,-1
141,4,13.223,53.582,False,False,-1
141,5,12.187,59.73,False,False,-1
141,6,11.672,56.219,False,False,-1
141,7,12.24,57.26,False,False,-1
141,8,11.807,59.097,False,False,-1
141,9,13.038,59.123,False,False,-1
141,10,12.37,58.479,False,False,-1
141,11,12.455,57.841,False,False,-1
141,12,14.081,58.898,False,False,-1
141,13,12.511,59.267,False,False,-1
141,14,12.529,56.708,False,False,-1
141,15,12.784,58.418,False,False,-1
141,16,13.873,60.663,False,False,-1
141,17,13.766,57.508,False,False,-1
141,18,13.334,60.45,False,False,-1
141,19,13.391,59.549,False,False,-1
142,2,11.196,50.098,True,False,2
142,3,11.097,49.471,True,False,2
142,4,11.562,44.378,True,False,2
142,5,10.832,45.845,True,False,2
142,6,11.055,47.532,True,False,2
142,7,11.89,50.423,True,False,2
142,8,11.837,47.221,True,False,2
142,9,10.742,48.453,True,False,2
142,10,13.896,53.878,True,False,2
142,11,15.036,56.193,True,False,2
142,12,14.475,51.988,True,False,2
142,13,13.926,53.923,True,False,2
142,14,13.895,55.313,True,False,2
142,15,14.561,52.336,True,False,2
142,16,15.081,54.917,True,False,2
142,17,13.718,54.81,True,False,2
142,18,14.823,57.058,True,False,2
142,19,14.614,56.968,True,False,2
143,4,10.067,39.895,False,False,-1
143,5,11.472,38.495,False,False,-1
143,6,11.722,40.163,False,False,-1
143,7,11.416,36.427,False,False,-1
143,8,12.04,39.522,False,False,-1
143,9,11.081,37.313,False,False,-1
143,10,11.503,35.507,False,False,-1
143,11,11.824,37.142,False,False,-1
143,12,11.76,38.206,False,False,-1
143,13,11.542,37.936,False,False,-1
143,14,11.694,43.428,False,False,-1
143,15,12.567,40.558,False,False,-1
143,16,11.962,41.738,False,False,-1
143,17,12.639,38.59,False,False,-1
143,18,12.136,36.806,False,False,-1
143,19,12.836,44.78,False,False,-1
144,9,11.365,28.742,False,True,2
144,10,10.828,32.003,False,True,2
144,11,11.387,29.974,False,True,2
144,12,11.035,31.402,False,True,2
144,13,11.255,29.131,False,True,2
144,14,11.394,32.229,False,True,2
144,15,11.571,28.923,False,True,2
144,16,12.255,26.472,False,True,2
144,17,11.637,30.91,False,True,2
144,18,12.034,33.473,False,True,2
144,19,12.624,31.125,False,True,2
145,8,11.117,57.359,False,False,-1
145,9,11.354,54.597,False,False,-1
145,10,12.368,54.509,False,False,-1
145,11,12.026,55.813,False,False,-1
145,12,11.593,54.227,False,False,-1
145,13,12.191,53.204,False,False,-1
145,14,12.788,56.913,False,False,-1
145,15,12.502,56.52,False,False,-1
145,16,12.798,53.373,False,False,-1
145,17,12.744,54.759,False,False,-1
145,18,12.625,56.415,False,False,-1
145,19,13.19,52.577,False,False,-1
146,0,6.289,54.851,False,True,1
146,1,7.187,51.905,False,True,1
146,2,6.191,57.996,False,True,1
146,3,7.173,54.008,False,True,1
146,4,6.63,54.026,False,True,1
146,5,6.602,57.014,False,True,1
146,6,6.909,57.634,False,True,1
146,7,7.197,53.56,False,True,1
146,8,7.284,50.599,False,True,1
146,9,7.537,55.707,False,True,1
146,10,8.109,52.474,False,True,1
146,11,8.378,58.088,False,True,1
146,12,8.523,56.541,False,True,1
146,13,8.504,53.904,False,True,1
146,14,8.453,55.505,False,True,1
146,15,7.371,54.999,False,True,1
146,16,8.3,55.798,False,True,1
146,17,8.585,54.03,False,True,1
146,18,7.433,60.592,False,True,1
146,19,9.049,55.948,False,True,1
147,2,10.404,60.892,True,False,1
147,3,10.842,59.334,True,False,1
147,4,10.41,60.959,True,False,1
147,5,10.358,60.415,True,False,1
147,6,10.63,61.464,True,False,1
147,7,10.17,63.199,True,False,1
147,8,10.306,61.359,True,False,1
147,9,12.746,67.711,True,False,1
147,10,11.934,68.977,True,False,1
147,11,12.756,69.835,True,False,1
147,12,12.955,67.497,True,False,1
147,13,14.251,67.24,True,False,1
147,14,14.013,68.073,True,False,1
147,15,13.702,68.335,True,False,1
147,16,14.018,67.024,True,False,1
147,17,13.202,67.318,True,False,1
147,18,13.844,68.353,True,False,1
147,19,14.249,71.605,True,False,1
148,8,8.13,48.321,False,True,1
148,9,9.101,45.42,False,True,1
148,10,8.378,44.658,False,True,1
148,11,9.403,44.355,False,True,1
148,12,9.786,49.684,False,True,1
148,13,8.875,43.216,False,True,1
148,14,9.009,48.673,False,True,1
148,15,10.07,45.389,False,True,1
148,16,9.667,44.227,False,True,1
148,17,10.193,45.301,False,True,1
148,18,9.718,47.478,False,True,1
148,19,9.854,45.991,False,True,1
149,0,10.844,59.125,True,False,2
149,1,10.523,57.754,True,False,2
149,2,9.867,59.662,True,False,2
149,3,10.407,55.708,True,False,2
149,4,10.257,58.588,True,False,2
149,5,10.266,61.917,True,False,2
149,6,10.861,61.9,True,False,2
149,7,10.853,59.516,True,False,2
149,8,10.353,59.577,True,False,2
149,9,10.928,57.019,True,False,2
149,10,12.751,64.307,True,False,2
149,11,13.328,66.076,True,False,2
149,12,12.93,66.291,True,False,2
149,13,13.23,59.814,True,False,2
149,14,13.179,67.912,True,False,2
149,15,12.68,66.179,True,False,2
149,16,14.414,64.632,True,False,2
149,17,13.722,63.746,True,False,2
149,18,14.635,66.387,True,False,2
149,19,13.944,69.462,True,False,2
150,8,11.799,43.834,False,False,-1
150,9,11.911,38.809,False,False,-1
150,10,12.296,40.283,False,False,-1
150,11,13.231,43.797,False,False,-1
150,12,12.07,42.246,False,False,-1
150,13,11.678,41.645,False,False,-1
150,14,13.231,48.507,False,False,-1
150,15,13.186,44.06,False,False,-1
150,16,12.707,42.531,False,False,-1
150,17,14.053,44.266,False,False,-1
150,18,14.181,47.631,False,False,-1
150,19,12.353,43.712,False,False,-1
151,2,8.832,55.594,False,False,-1
151,3,8.423,50.259,False,False,-1
151,4,9.37,49.998,False,False,-1
151,5,9.217,48.112,False,False,-1
151,6,9.315,51.424,False,False,-1
151,7,9.526,51.742,False,False,-1
151,8,10.168,52.675,False,False,-1
151,9,9.598,48.658,False,False,-1
151,10,9.362,50.762,False,False,-1
151,11,9.888,50.445,False,False,-1
151,12,9.394,49.225,False,False,-1
151,13,9.136,51.332,False,False,-1
151,14,9.327,50.0,False,False,-1
151,15,9.965,49.53,False,False,-1
151,16,10.452,53.882,False,False,-1
151,17,10.087,51.727,False,False,-1
151,18,10.731,51.374,False,False,-1
151,19,10.171,55.395,False,False,-1
152,9,13.131,53.861,False,True,1
152,10,13.445,58.8,False,True,1
152,11,13.374,58.99,False,True,1
152,12,12.993,57.865,False,True,1
152,13,13.252,57.992,False,True,1
152,14,13.602,55.643,False,True,1
152,15,12.998,63.105,False,True,1
152,16,13.055,58.738,False,True,1
152,17,13.027,60.087,False,True,1
152,18,13.2,59.244,False,True,1
152,19,14.093,58.418,False,True,1
153,2,12.305,58.903,False,False,-1
153,3,13.498,60.931,False,False,-1
153,4,12.14,57.27,False,False,-1
153,5,12.029,62.075,False,False,-1
153,6,13.032,62.379,False,False,-1
153,7,12.67,57.111,False,False,-1
153,8,12.621,57.339,False,False,-1
153,9,11.733,60.501,False,False,-1
153,10,12.839,62.029,False,False,-1
153,11,12.926,61.485,False,False,-1
153,12,12.285,60.412,False,False,-1
153,13,12.124,56.816,False,False,-1
153,14,13.348,59.516,False,False,-1
153,15,13.513,63.439,False,False,-1
153,16,12.868,62.603,False,False,-1
153,17,12.947,57.931,False,False,-1
153,18,13.439,60.881,False,False,-1
153,19,13.257,65.973,False,False,-1
154,4,6.851,56.445,False,False,-1
154,5,7.598,55.587,False,False,-1
154,6,7.076,53.498,False,False,-1
154,7,8.112,58.77,False,False,-1
154,8,7.988,53.634,False,False,-1
154,9,8.018,60.484,False,False,-1
154,10,7.999,58.752,False,False,-1
154,11,7.678,55.945,False,False,-1
154,12,8.458,57.023,False,False,-1
154,13,7.865,54.81,False,False,-1
154,14,8.842,59.012,False,False,-1
154,15,9.204,60.437,False,False,-1
154,16,8.616,56.406,False,False,-1
154,17,9.324,58.655,False,False,-1
154,18,8.257,55.361,False,False,-1
154,19,9.094,57.274,False,False,-1
155,6,10.927,64.585,False,False,-1
155,7,9.681,62.632,False,False,-1
155,8,11.094,59.272,False,False,-1
155,9,10.52,60.844,False,False,-1
155,10,10.958,65.981,False,False,-1
155,11,12.058,61.297,False,False,-1
155,12,11.41,64.243,False,False,-1
155,13,11.441,64.123,False,False,-1
155,14,11.499,66.9,False,False,-1
155,15,11.998,61.605,False,False,-1
155,16,11.945,65.71,False,False,-1
155,17,11.805,66.388,False,False,-1
155,18,11.841,64.726,False,False,-1
155,19,11.908,60.489,False,False,-1
156,1,9.346,46.386,False,True,0
156,2,10.291,43.658,False,True,0
156,3,9.857,44.51,False,True,0
156,4,10.735,42.464,False,True,0
156,5,10.337,46.054,False,True,0
156,6,9.471,44.402,False,True,0
156,7,10.325,44.45,False,True,0
156,8,10.388,45.193,False,True,0
156,9,11.701,44.47,False,True,0
156,10,10.985,49.307,False,True,0
156,11,10.664,49.147,False,True,0
156,12,11.042,49.281,False,True,0
156,13,11.514,46.532,False,True,0
156,14,11.206,44.869,False,True,0
156,15,11.377,48.112,False,True,0
156,16,11.433,45.884,False,True,0
156,17,11.414,48.702,False,True,0
156,18,12.252,45.583,False,True,0
156,19,11.405,47.876,False,True,0
157,5,12.929,61.932,False,False,-1
157,6,13.19,62.125,False,False,-1
157,7,14.557,60.015,False,False,-1
157,8,13.046,61.403,False,False,-1
157,9,14.099,64.501,False,False,-1
157,10,14.274,65.811,False,False,-1
157,11,13.274,66.037,False,False,-1
157,12,14.099,65.323,False,False,-1
157,13,13.693,64.07,False,False,-1
157,14,14.573,66.571,False,False,-1
157,15,13.762,64.521,False,False,-1
157,16,14.112,65.671,False,False,-1
157,17,15.144,67.434,False,False,-1
157,18,14.588,66.914,False,False,-1
157,19,15.636,61.973,False,False,-1
158,5,11.595,58.164,False,False,-1
158,6,12.296,58.386,False,False,-1
158,7,11.836,60.905,False,False,-1
158,8,12.382,59.932,False,False,-1
158,9,11.782,61.583,False,False,-1
158,10,12.728,66.16,False,False,-1
158,11,11.571,62.416,False,False,-1
158,12,11.881,64.023,False,False,-1
158,13,12.055,60.836,False,False,-1
158,14,12.33,62.233,False,False,-1
158,15,12.886,63.553,False,False,-1
158,16,12.822,60.125,False,False,-1
158,17,13.289,62.879,False,False,-1
158,18,13.606,61.77,False,False,-1
158,19,12.324,63.317,False,False,-1
159,7,13.192,51.269,False,False,-1
159,8,14.271,51.15,False,False,-1
159,9,13.129,54.549,False,False,-1
159,10,12.664,56.159,False,False,-1
159,11,14.004,55.608,False,False,-1
159,12,14.071,53.687,False,False,-1
159,13,13.36,53.929,False,False,-1
159,14,13.504,55.382,False,False,-1
159,15,14.495,57.563,False,False,-1
159,16,14.378,56.659,False,False,-1
159,17,14.143,54.053,False,False,-1
159,18,14.629,54.436,False,False,-1
159,19,14.626,53.287,False,False,-1
160,9,11.58,61.183,True,False,1
160,10,11.572,62.289,True,False,1
160,11,11.345,66.388,True,False,1
160,12,11.84,65.346,True,False,1
160,13,12.491,62.546,True,False,1
160,14,11.144,62.71,True,False,1
160,15,11.609,59.645,True,False,1
160,16,11.733,63.465,True,False,1
160,17,12.329,65.459,True,False,1
160,18,11.736,66.134,True,False,1
160,19,12.498,63.617,True,False,1
161,6,9.069,27.461,False,False,-1
161,7,9.751,27.256,False,False,-1
161,8,9.557,26.896,False,False,-1
161,9,10.0,30.398,False,False,-1
161,10,10.215,29.771,False,False,-1
161,11,9.343,28.706,False,False,-1
161,12,10.01,29.34,False,False,-1
161,13,10.351,33.197,False,False,-1
161,14,10.82,28.571,False,False,-1
161,15,10.853,32.027,False,False,-1
161,16,10.211,32.644,False,False,-1
161,17,10.634,28.326,False,False,-1
161,18,11.042,31.78,False,False,-1
161,19,10.8,31.471,False,False,-1
162,4,8.94,57.234,True,False,0
162,5,9.24,54.792,True,False,0
162,6,8.715,52.881,True,False,0
162,7,9.544,55.077,True,False,0
162,8,11.428,63.443,True,False,0
162,9,11.763,60.493,True,False,0
162,10,11.529,66.442,True,False,0
162,11,12.519,65.276,True,False,0
162,12,11.931,61.491,True,False,0
162,13,12.221,63.385,True,False,0
162,14,12.242,62.636,True,False,0
162,15,11.975,64.43,True,False,0
162,16,12.285,65.289,True,False,0
162,17,11.972,61.815,True,False,0
162,18,13.174,69.68,True,False,0
162,19,12.686,62.253,True,False,0
163,4,9.524,53.465,True,False,0
163,5,8.891,56.483,True,False,0
163,6,9.486,55.604,True,False,0
163,7,8.372,57.734,True,False,0
163,8,11.816,61.526,True,False,0
163,9,11.556,60.942,True,False,0
163,10,11.031,64.144,True,False,0
163,11,11.747,63.272,True,False,0
163,12,12.405,60.381,True,False,0
163,13,11.478,63.007,True,False,0
163,14,11.571,64.457,True,False,0
163,15,11.86,61.106,True,False,0
163,16,12.086,63.632,True,False,0
163,17,12.621,64.277,True,False,0
163,18,12.484,64.332,True,False,0
163,19,12.259,62.459,True,False,0
164,4,11.823,50.153,True,False,1
164,5,11.394,48.426,True,False,1
164,6,11.134,45.347,True,False,1
164,7,11.17,48.272,True,False,1
164,8,11.492,49.208,True,False,1
164,9,13.938,52.084,True,False,1
164,10,13.236,56.57,True,False,1
164,11,14.063,53.087,True,False,1
164,12,13.724,53.863,True,False,1
164,13,13.893,55.214,True,False,1
164,14,15.245,54.848,True,False,1
164,15,14.409,51.296,True,False,1
164,16,13.935,57.326,True,False,1
164,17,14.479,46.291,True,False,1
164,18,14.715,59.105,True,False,1
164,19,13.48,58.508,True,False,1
165,8,5.252,56.28,False,True,2
165,9,5.579,63.482,False,True,2
165,10,5.638,62.55,False,True,2
165,11,5.35,57.857,False,True,2
165,12,6.002,65.279,False,True,2
165,13,6.321,58.004,False,True,2
165,14,5.099,60.488,False,True,2
165,15,5.16,62.468,False,True,2
165,16,6.253,59.719,False,True,2
165,17,6.545,63.982,False,True,2
165,18,5.982,62.635,False,True,2
165,19,5.381,62.515,False,True,2
166,3,10.504,52.776,True,False,1
166,4,10.283,53.06,True,False,1
166,5,11.016,52.496,True,False,1
166,6,10.774,52.515,True,False,1
166,7,10.391,54.133,True,False,1
166,8,10.537,54.06,True,False,1
166,9,12.929,57.88,True,False,1
166,10,12.851,57.671,True,False,1
166,11,12.292,59.653,True,False,1
166,12,13.331,60.787,True,False,1
166,13,13.049,63.078,True,False,1
166,14,13.225,57.737,True,False,1
166,15,13.018,56.22,True,False,1
166,16,14.381,62.63,True,False,1
166,17,14.015,58.295,True,False,1
166,18,14.72,59.584,True,False,1
166,19,13.78,63.362,True,False,1
167,1,11.542,71.417,False,False,-1
167,2,11.212,68.717,False,False,-1
167,3,11.479,74.9,False,False,-1
167,4,12.017,72.852,False,False,-1
167,5,11.32,73.465,False,False,-1
167,6,12.424,74.072,False,False,-1
167,7,12.101,71.817,False,False,-1
167,8,12.551,67.347,False,False,-1
167,9,12.409,78.952,False,False,-1
167,10,11.564,73.528,False,False,-1
167,11,12.414,73.286,False,False,-1
167,12,13.036,75.356,False,False,-1
167,13,12.694,76.206,False,False,-1
167,14,12.726,81.171,False,False,-1
167,15,12.893,75.402,False,False,-1
167,16,12.063,74.124,False,False,-1
167,17,13.592,72.74,False,False,-1
167,18,12.039,75.676,False,False,-1
167,19,13.903,75.896,False,False,-1
168,3,9.854,33.338,False,True,1
168,4,8.837,34.484,False,True,1
168,5,10.211,34.68,False,True,1
168,6,10.22,33.922,False,True,1
168,7,10.288,34.552,False,True,1
168,8,9.218,30.013,False,True,1
168,9,9.86,32.955,False,True,1
168,10,10.522,34.064,False,True,1
168,11,10.986,35.912,False,True,1
168,12,10.092,34.292,False,True,1
168,13,10.204,33.639,False,True,1
168,14,10.889,27.398,False,True,1
168,15,12.033,35.548,False,True,1
168,16,10.63,38.47,False,True,1
168,17,10.854,35.08,False,True,1
168,18,10.884,38.319,False,True,1
168,19,11.175,35.514,False,True,1
169,0,12.38,58.072,False,True,1
169,1,13.777,56.686,False,True,1
169,2,12.666,56.593,False,True,1
169,3,13.363,55.253,False,True,1
169,4,12.668,53.577,False,True,1
169,5,12.316,55.816,False,True,1
169,6,12.98,60.59,False,True,1
169,7,13.376,55.427,False,True,1
169,8,12.844,60.201,False,True,1
169,9,13.871,57.708,False,True,1
169,10,13.186,60.101,False,True,1
169,11,13.011,58.835,False,True,1
169,12,14.744,58.662,False,True,1
169,13,13.32,59.272,False,True,1
169,14,13.573,55.863,False,True,1
169,15,14.258,61.087,False,True,1
169,16,13.852,58.297,False,True,1
169,17,13.627,58.952,False,True,1
169,18,13.926,57.429,False,True,1
169,19,15.254,60.584,False,True,1
170,1,11.63,58.208,False,False,-1
170,2,11.481,58.696,False,False,-1
170,3,11.664,60.117,False,False,-1
170,4,11.353,56.975,False,False,-1
170,5,11.718,59.425,False,False,-1
170,6,10.8,61.049,False,False,-1
170,7,12.327,65.291,False,False,-1
170,8,11.749,59.357,False,False,-1
170,9,11.49,61.051,False,False,-1
170,10,12.246,59.211,False,False,-1
170,11,12.157,57.077,False,False,-1
170,12,12.808,59.693,False,False,-1
170,13,12.427,58.581,False,False,-1
170,14,12.254,61.075,False,False,-1
170,15,12.639,62.793,False,False,-1
170,16,13.464,63.499,False,False,-1
170,17,13.326,65.126,False,False,-1
170,18,13.23,62.361,False,False,-1
170,19,13.549,64.78,False,False,-1
171,0,10.876,34.904,False,False,-1
171,1,11.787,35.611,False,False,-1
171,2,12.066,38.484,False,False,-1
171,3,12.197,38.465,False,False,-1
171,4,11.179,37.219,False,False,-1
171,5,11.493,33.156,False,False,-1
171,6,11.753,39.303,False,False,-1
171,7,12.228,40.889,False,False,-1
171,8,12.186,41.949,False,False,-1
171,9,12.286,37.299,False,False,-1
171,10,11.657,39.675,False,False,-1
171,11,12.146,36.36,False,False,-1
171,12,13.138,40.17,False,False,-1
171,13,13.163,37.329,False,False,-1
171,14,12.672,38.134,False,False,-1
171,15,13.188,41.561,False,False,-1
171,16,13.081,42.604,False,False,-1
171,17,13.446,38.384,False,False,-1
171,18,13.511,42.466,False,False,-1
171,19,14.196,41.628,False,False,-1
172,7,11.039,52.581,False,True,2
172,8,11.068,50.342,False,True,2
172,9,10.977,48.977,False,True,2
172,10,10.97,50.104,False,True,2
172,11,12.01,49.554,False,True,2
172,12,11.278,48.502,False,True,2
172,13,11.71,53.166,False,True,2
172,14,12.264,51.04,False,True,2
172,15,11.839,50.526,False,True,2
172,16,11.915,51.661,False,True,2
172,17,11.78,51.509,False,True,2
172,18,12.077,50.845,False,True,2
172,19,11.83,55.048,False,True,2
173,7,15.491,37.442,True,False,1
173,8,16.169,41.348,True,False,1
173,9,18.617,45.1,True,False,1
173,10,18.686,43.572,True,False,1
173,11,18.399,45.116,True,False,1
173,12,17.829,43.034,True,False,1
173,13,18.16,47.085,True,False,1
173,14,18.944,46.978,True,False,1
173,15,18.001,42.989,True,False,1
173,16,19.353,40.599,True,False,1
173,17,19.733,42.71,True,False,1
173,18,19.643,44.779,True,False,1
173,19,19.846,53.173,True,False,1
174,6,5.15,59.007,False,False,-1
174,7,6.05,58.613,False,False,-1
174,8,5.798,60.115,False,False,-1
174,9,5.629,61.237,False,False,-1
174,10,6.249,56.148,False,False,-1
174,11,7.351,59.019,False,False,-1
174,12,7.607,61.796,False,False,-1
174,13,6.355,59.384,False,False,-1
174,14,6.914,62.806,False,False,-1
174,15,7.172,60.306,False,False,-1
174,16,6.954,60.053,False,False,-1
174,17,7.806,60.361,False,False,-1
174,18,7.056,59.425,False,False,-1
174,19,7.077,57.95,False,False,-1
175,4,8.796,67.193,False,True,1
175,5,7.76,67.121,False,True,1
175,6,9.019,65.221,False,True,1
175,7,9.29,65.393,False,True,1
175,8,8.237,68.429,False,True,1
175,9,9.521,66.156,False,True,1
175,10,9.016,64.044,False,True,1
175,11,9.711,70.411,False,True,1
175,12,9.801,64.619,False,True,1
175,13,9.912,67.478,False,True,1
175,14,10.331,68.998,False,True,1
175,15,8.506,69.075,False,True,1
175,16,9.598,65.341,False,True,1
175,17,10.105,69.206,False,True,1
175,18,9.479,69.993,False,True,1
175,19,10.781,68.878,False,True,1
176,7,9.478,38.584,False,False,-1
176,8,9.597,41.476,False,False,-1
176,9,9.117,38.59,False,False,-1
176,10,9.191,43.433,False,False,-1
176,11,8.697,43.403,False,False,-1
176,12,9.509,41.319,False,False,-1
176,13,9.992,38.402,False,False,-1
176,14,9.838,46.245,False,False,-1
176,15,10.485,43.986,False,False,-1
176,16,9.714,42.135,False,False,-1
176,17,9.813,44.694,False,False,-1
176,18,9.661,45.321,False,False,-1
176,19,11.231,43.882,False,False,-1
177,1,7.799,36.633,True,False,2
177,2,7.95,35.885,True,False,2
177,3,8.027,36.836,True,False,2
177,4,7.345,36.551,True,False,2
177,5,7.213,41.531,True,False,2
177,6,7.863,39.042,True,False,2
177,7,7.743,35.849,True,False,2
177,8,7.994,40.355,True,False,2
177,9,7.951,36.611,True,False,2
177,10,10.389,44.551,True,False,2
177,11,11.233,44.46,True,False,2
177,12,10.833,45.391,True,False,2
177,13,10.035,42.226,True,False,2
177,14,10.169,41.688,True,False,2
177,15,11.209,45.133,True,False,2
177,16,10.951,39.567,True,False,2
177,17,12.039,43.164,True,False,2
177,18,12.137,42.254,True,False,2
177,19,10.805,40.947,True,False,2
178,9,11.088,38.042,True,False,2
178,10,14.113,47.41,True,False,2
178,11,14.73,44.816,True,False,2
178,12,14.034,43.809,True,False,2
178,13,13.857,45.55,True,False,2
178,14,14.356,48.821,True,False,2
178,15,14.72,45.302,True,False,2
178,16,14.823,47.099,True,False,2
178,17,14.262,45.97,True,False,2
178,18,14.244,51.072,True,False,2
178,19,14.778,48.137,True,False,2
179,5,10.628,74.018,False,True,0
179,6,9.939,75.231,False,True,0
179,7,10.248,74.457,False,True,0
179,8,10.495,78.964,False,True,0
179,9,9.719,74.003,False,True,0
179,10,10.234,75.586,False,True,0
179,11,11.575,78.663,False,True,0
179,12,11.148,76.331,False,True,0
179,13,10.632,74.156,False,True,0
179,14,11.266,78.242,False,True,0
179,15,11.619,77.038,False,True,0
179,16,11.005,78.0,False,True,0
179,17,11.621,74.919,False,True,0
179,18,11.644,78.019,False,True,0
179,19,10.846,74.091,False,True,0
180,9,11.464,66.988,False,False,-1
180,10,11.708,66.391,False,False,-1
180,11,11.304,65.775,False,False,-1
180,12,10.67,65.522,False,False,-1
180,13,9.997,69.651,False,False,-1
180,14,10.806,65.674,False,False,-1
180,15,10.637,67.068,False,False,-1
180,16,12.209,71.865,False,False,-1
180,17,10.597,67.168,False,False,-1
180,18,11.01,70.054,False,False,-1
180,19,11.77,67.004,False,False,-1
181,1,11.052,46.52,True,False,2
181,2,10.68,40.292,True,False,2
181,3,10.412,49.992,True,False,2
181,4,11.208,42.332,True,False,2
181,5,10.488,43.823,True,False,2
181,6,11.601,46.914,True,False,2
181,7,10.461,46.694,True,False,2
181,8,9.641,44.656,True,False,2
181,9,11.063,48.717,True,False,2
181,10,12.174,51.464,True,False,2
181,11,13.75,49.523,True,False,2
181,12,13.46,52.758,True,False,2
181,13,14.302,52.366,True,False,2
181,14,13.459,54.736,True,False,2
181,15,12.982,52.784,True,False,2
181,16,13.517,53.148,True,False,2
181,17,14.269,54.734,True,False,2
181,18,13.571,54.099,True,False,2
181,19,14.79,52.363,True,False,2
182,4,10.659,45.607,True,False,2
182,5,11.496,47.52,True,False,2
182,6,11.403,48.026,True,False,2
182,7,10.678,51.895,True,False,2
182,8,11.587,50.086,True,False,2
182,9,11.571,49.291,True,False,2
182,10,13.286,53.745,True,False,2
182,11,13.842,53.882,True,False,2
182,12,14.233,54.837,True,False,2
182,13,13.601,57.186,True,False,2
182,14,13.702,55.273,True,False,2
182,15,13.775,57.856,True,False,2
182,16,13.559,56.016,True,False,2
182,17,13.995,58.198,True,False,2
182,18,14.04,60.285,True,False,2
182,19,14.112,56.393,True,False,2
183,6,9.74,36.972,False,False,-1
183,7,10.926,38.167,False,False,-1
183,8,10.216,40.887,False,False,-1
183,9,11.334,41.144,False,False,-1
183,10,10.231,37.843,False,False,-1
183,11,11.665,39.516,False,False,-1
183,12,10.724,40.67,False,False,-1
183,13,11.462,38.291,False,False,-1
183,14,11.168,41.487,False,False,-1
183,15,10.578,39.858,False,False,-1
183,16,10.701,38.066,False,False,-1
183,17,11.076,41.188,False,False,-1
183,18,11.297,39.137,False,False,-1
183,19,11.584,38.34,False,False,-1
184,4,11.218,61.709,False,False,-1
184,5,11.544,58.257,False,False,-1
184,6,11.726,68.718,False,False,-1
184,7,11.496,62.476,False,False,-1
184,8,12.029,66.205,False,False,-1
184,9,12.245,58.803,False,False,-1
184,10,12.139,68.458,False,False,-1
184,11,12.269,61.205,False,False,-1
184,12,12.199,61.152,False,False,-1
184,13,12.774,62.002,False,False,-1
184,14,12.295,62.398,False,False,-1
184,15,12.084,67.286,False,False,-1
184,16,12.509,63.395,False,False,-1
184,17,11.985,60.97,False,False,-1
184,18,12.032,65.138,False,False,-1
184,19,13.248,63.993,False,False,-1
185,4,13.422,41.466,True,False,0
185,5,14.136,48.02,True,False,0
185,6,12.86,43.333,True,False,0
185,7,14.473,41.331,True,False,0
185,8,16.224,51.868,True,False,0
185,9,16.08,50.726,True,False,0
185,10,17.022,53.722,True,False,0
185,11,16.21,48.96,True,False,0
185,12,15.881,52.179,True,False,0
185,13,15.755,49.92,True,False,0
185,14,16.592,49.619,True,False,0
185,15,16.781,55.954,True,False,0
185,16,16.68,50.154,True,False,0
185,17,17.349,51.704,True,False,0
185,18,17.661,51.754,True,False,0
185,19,16.917,48.058,True,False,0
186,1,7.05,29.119,False,True,0
186,2,7.588,32.104,False,True,0
186,3,6.938,30.555,False,True,0
186,4,7.472,30.834,False,True,0
186,5,6.768,35.02,False,True,0
186,6,7.538,32.373,False,True,0
186,7,7.781,33.061,False,True,0
186,8,7.752,31.609,False,True,0
186,9,8.696,32.284,False,True,0
186,10,8.539,33.265,False,True,0
186,11,8.264,35.311,False,True,0
186,12,8.534,32.362,False,True,0
186,13,8.598,37.936,False,True,0
186,14,8.031,34.512,False,True,0
186,15,7.999,33.95,False,True,0
186,16,9.216,32.835,False,True,0
186,17,7.989,38.265,False,True,0
186,18,8.873,39.484,False,True,0
186,19,8.435,35.696,False,True,0
187,3,8.092,53.403,False,True,2
187,4,9.24,52.118,False,True,2
187,5,8.983,50.644,False,True,2
187,6,9.643,50.291,False,True,2
187,7,9.635,56.982,False,True,2
187,8,10.221,50.023,False,True,2
187,9,9.31,54.076,False,True,2
187,10,9.644,50.634,False,True,2
187,11,9.971,53.613,False,True,2
187,12,10.836,53.327,False,True,2
187,13,10.563,51.499,False,True,2
187,14,9.565,55.676,False,True,2
187,15,10.721,52.518,False,True,2
187,16,10.291,51.87,False,True,2
187,17,10.288,56.507,False,True,2
187,18,10.261,54.535,False,True,2
187,19,10.014,53.936,False,True,2
188,2,13.215,50.5,True,False,0
188,3,13.018,49.301,True,False,0
188,4,14.596,51.244,True,False,0
188,5,14.962,51.539,True,False,0
188,6,14.098,53.211,True,False,0
188,7,12.88,52.539,True,False,0
188,8,16.292,60.301,True,False,0
188,9,16.899,55.262,True,False,0
188,10,17.137,57.205,True,False,0
188,11,16.164,58.323,True,False,0
188,12,16.615,61.206,True,False,0
188,13,16.987,58.741,True,False,0
188,14,17.367,60.715,True,False,0
188,15,17.408,61.568,True,False,0
188,16,17.421,59.265,True,False,0
188,17,17.836,58.947,True,False,0
188,18,17.333,62.772,True,False,0
188,19,18.227,59.513,True,False,0
189,3,9.793,65.863,True,False,2
189,4,9.332,66.095,True,False,2
189,5,9.582,64.303,True,False,2
189,6,9.757,66.363,True,False,2
189,7,9.605,67.839,True,False,2
189,8,10.537,68.172,True,False,2
189,9,9.855,67.943,True,False,2
189,10,12.132,69.16,True,False,2
189,11,12.529,72.124,True,False,2
189,12,13.59,74.946,True,False,2
189,13,12.748,72.73,True,False,2
189,14,12.575,70.424,True,False,2
189,15,11.723,70.887,True,False,2
189,16,12.669,68.621,True,False,2
189,17,12.521,72.537,True,False,2
189,18,12.785,71.908,True,False,2
189,19,12.822,76.88,True,False,2
190,6,11.89,45.54,True,False,2
190,7,11.64,44.259,True,False,2
190,8,12.63,45.157,True,False,2
190,9,11.677,46.111,True,False,2
190,10,14.383,47.452,True,False,2
190,11,14.404,53.333,True,False,2
190,12,14.75,56.257,True,False,2
190,13,15.25,54.895,True,False,2
190,14,16.124,53.713,True,False,2
190,15,14.906,54.344,True,False,2
190,16,14.645,52.812,True,False,2
190,17,14.7,53.593,True,False,2
190,18,14.798,51.623,True,False,2
190,19,15.431,52.922,True,False,2
191,6,6.171,34.878,False,True,2
191,7,7.052,37.282,False,True,2
191,8,7.478,38.55,False,True,2
191,9,7.581,38.461,False,True,2
191,10,7.25,39.643,False,True,2
191,11,7.705,38.397,False,True,2
191,12,7.98,33.153,False,True,2
191,13,7.3,37.433,False,True,2
191,14,8.121,41.387,False,True,2
191,15,6.92,41.267,False,True,2
191,16,7.159,36.362,False,True,2
191,17,7.728,38.208,False,True,2
191,18,7.166,40.344,False,True,2
191,19,8.385,41.353,False,True,2
192,6,9.718,54.18,False,False,-1
192,7,8.416,49.09,False,False,-1
192,8,9.936,49.033,False,False,-1
192,9,9.904,51.152,False,False,-1
192,10,9.804,51.733,False,False,-1
192,11,10.547,51.332,False,False,-1
192,12,10.106,51.673,False,False,-1
192,13,10.429,48.724,False,False,-1
192,14,10.764,51.502,False,False,-1
192,15,11.264,53.786,False,False,-1
192,16,11.318,50.782,False,False,-1
192,17,10.647,50.519,False,False,-1
192,18,10.58,55.708,False,False,-1
192,19,11.777,51.108,False,False,-1
193,3,9.676,46.318,False,True,1
193,4,8.682,51.017,False,True,1
193,5,8.609,49.344,False,True,1
193,6,9.764,51.269,False,True,1
193,7,9.713,49.907,False,True,1
193,8,10.306,51.408,False,True,1
193,9,9.66,51.113,False,True,1
193,10,10.275,54.675,False,True,1
193,11,10.577,53.867,False,True,1
193,12,9.978,50.59,False,True,1
193,13,10.266,51.551,False,True,1
193,14,9.979,54.57,False,True,1
193,15,11.025,51.627,False,True,1
193,16,11.004,52.884,False,True,1
193,17,11.143,49.949,False,True,1
193,18,10.811,52.722,False,True,1
193,19,11.295,51.781,False,True,1
194,9,7.87,46.111,True,False,0
194,10,8.842,47.348,True,False,0
194,11,8.141,46.318,True,False,0
194,12,8.752,45.403,True,False,0
194,13,8.23,44.604,True,False,0
194,14,9.11,47.768,True,False,0
194,15,8.146,46.954,True,False,0
194,16,8.855,46.882,True,False,0
194,17,8.433,46.274,True,False,0
194,18,8.97,47.067,True,False,0
194,19,8.673,45.311,True,False,0
195,0,9.994,48.585,True,False,0
195,1,10.629,49.791,True,False,0
195,2,10.632,48.106,True,False,0
195,3,10.172,46.7,True,False,0
195,4,10.259,49.027,True,False,0
195,5,10.262,49.38,True,False,0
195,6,10.273,46.066,True,False,0
195,7,11.265,48.639,True,False,0
195,8,12.537,52.6,True,False,0
195,9,13.267,57.738,True,False,0
195,10,12.954,54.757,True,False,0
195,11,13.791,51.767,True,False,0
195,12,14.339,60.476,True,False,0
195,13,12.102,55.593,True,False,0
195,14,13.196,55.458,True,False,0
195,15,13.446,57.811,True,False,0
195,16,13.699,54.566,True,False,0
195,17,13.769,57.617,True,False,0
195,18,13.363,53.495,True,False,0
195,19,15.052,55.703,True,False,0
196,3,10.299,50.168,False,False,-1
196,4,10.415,43.785,False,False,-1
196,5,9.533,46.224,False,False,-1
196,6,10.191,43.778,False,False,-1
196,7,10.835,45.249,False,False,-1
196,8,11.272,51.263,False,False,-1
196,9,10.501,48.7,False,False,-1
196,10,10.109,49.269,False,False,-1
196,11,10.576,46.048,False,False,-1
196,12,10.781,47.491,False,False,-1
196,13,10.863,50.521,False,False,-1
196,14,10.733,52.292,False,False,-1
196,15,10.563,52.253,False,False,-1
196,16,10.817,49.22,False,False,-1
196,17,11.18,48.735,False,False,-1
196,18,11.926,52.622,False,False,-1
196,19,12.221,49.012,False,False,-1
197,1,9.973,40.087,False,False,-1
197,2,10.35,43.078,False,False,-1
197,3,9.713,42.687,False,False,-1
197,4,11.527,45.223,False,False,-1
197,5,10.576,40.385,False,False,-1
197,6,11.198,38.744,False,False,-1
197,7,11.624,43.152,False,False,-1
197,8,12.084,40.325,False,False,-1
197,9,11.728,43.778,False,False,-1
197,10,11.203,41.44,False,False,-1
197,11,11.766,45.731,False,False,-1
197,12,12.461,46.595,False,False,-1
197,13,11.372,42.771,False,False,-1
197,14,11.084,47.926,False,False,-1
197,15,11.479,48.14,False,False,-1
197,16,12.231,46.039,False,False,-1
197,17,11.915,46.901,False,False,-1
197,18,12.161,45.041,False,False,-1
197,19,12.617,45.691,False,False,-1
198,3,8.671,57.576,False,False,-1
198,4,8.576,54.38,False,False,-1
198,5,9.771,60.091,False,False,-1
198,6,9.445,56.423,False,False,-1
198,7,8.953,60.163,False,False,-1
198,8,9.026,56.333,False,False,-1
198,9,10.239,57.703,False,False,-1
198,10,10.288,55.201,False,False,-1
198,11,9.762,62.34,False,False,-1
198,12,9.618,57.87,False,False,-1
198,13,9.119,60.763,False,False,-1
198,14,9.418,58.609,False,False,-1
198,15,9.286,62.112,False,False,-1
198,16,10.581,59.135,False,False,-1
198,17,9.526,62.47,False,False,-1
198,18,10.02,57.388,False,False,-1
198,19,9.422,58.506,False,False,-1
199,9,8.363,44.821,False,True,2
199,10,8.269,44.325,False,True,2
199,11,8.223,49.814,False,True,2
199,12,8.116,46.941,False,True,2
199,13,7.608,49.412,False,True,2
199,14,8.252,48.673,False,True,2
199,15,8.529,47.995,False,True,2
199,16,9.026,46.067,False,True,2
199,17,9.337,45.654,False,True,2
199,18,9.28,46.591,False,True,2
199,19,9.166,46.648,False,True,2
